Workbook

Sheet all_feats_500ns
A1: name | B1: ID | C1: Group | D1: Label | E1: Binder_score | F1: Sequence | G1: Gate (r84-90) mean (A) | H1: Gate (r84-90) SD (A) | I1: Gate RMSD late100 mean (A) | J1: Latch RMSD late100 mean (A) | K1: mean_n_polar | L1: std_n_polar | M1: mean_n_pos_charged | N1: std_n_pos_charged | O1: mean_n_neg_charged | P1: std_n_neg_charged | Q1: Y23 RMSF (A) | R1: R79 RMSF (A) | S1: I110 RMSF (A) | T1: G163 RMSF (A) | U1: D_28 | V1: W_28 | W1: D_30 | X1: W_30 | Y1: D_32 | Z1: W_32 | AA1: D_33 | AB1: W_33 | AC1: D_34 | AD1: W_34 | AE1: D_35 | AF1: W_35 | AG1: D_36 | AH1: W_36 | AI1: D_46 | AJ1: W_46 | AK1: D_48 | AL1: W_48 | AM1: D_49 | AN1: W_49 | AO1: D_50 | AP1: W_50 | AQ1: D_51 | AR1: W_51 | AS1: D_52 | AT1: W_52 | AU1: D_53 | AV1: W_53 | AW1: D_54 | AX1: W_54 | AY1: D_55 | AZ1: W_55 | BA1: D_56 | BB1: W_56 | BC1: D_57 | BD1: W_57 | BE1: D_58 | BF1: W_58 | BG1: D_59 | BH1: W_59 | BI1: D_60 | BJ1: W_60 | BK1: D_61 | BL1: W_61 | BM1: D_62 | BN1: W_62 | BO1: D_64 | BP1: W_64 | BQ1: D_65 | BR1: W_65 | BS1: D_66 | BT1: W_66 | BU1: D_67 | BV1: W_67 | BW1: D_69 | BX1: W_69 | BY1: D_71 | BZ1: W_71 | CA1: D_73 | CB1: W_73 | CC1: D_76 | CD1: W_76 | CE1: D_77 | CF1: W_77 | CG1: D_78 | CH1: W_78 | CI1: D_79 | CJ1: W_79 | CK1: D_80 | CL1: W_80 | CM1: D_81 | CN1: W_81 | CO1: D_82 | CP1: W_82 | CQ1: D_83 | CR1: W_83 | CS1: D_84 | CT1: W_84 | CU1: D_85 | CV1: W_85 | CW1: D_86 | CX1: W_86 | CY1: D_87 | CZ1: W_87 | DA1: D_88 | DB1: W_88 | DC1: D_89 | DD1: W_89 | DE1: D_90 | DF1: W_90 | DG1: D_91 | DH1: W_91 | DI1: D_92 | DJ1: W_92 | DK1: D_93 | DL1: W_93 | DM1: D_94 | DN1: W_94 | DO1: D_95 | DP1: W_95 | DQ1: D_96 | DR1: W_96 | DS1: D_97 | DT1: W_97 | DU1: D_98 | DV1: W_98 | DW1: D_99 | DX1: W_99 | DY1: D_105 | DZ1: W_105 | EA1: D_106 | EB1: W_106 | EC1: D_107 | ED1: W_107 | EE1: D_108 | EF1: W_108 | EG1: D_109 | EH1: W_109 | EI1: D_110 | EJ1: W_110 | EK1: D_111 | EL1: W_111 | EM1: D_112 | EN1: W_112 | EO1: D_113 | EP1: W_113 | EQ1: D_114 | ER1: W_114 | ES1: D_115 | ET1: W_115 | EU1: D_116 | EV1: W_116 | EW1: D_117 | EX1: W_117 | EY1: D_118 | EZ1: W_118 | FA1: D_119 | FB1: W_119 | FC1: D_120 | FD1: W_120 | FE1: D_121 | FF1: W_121 | FG1: D_122 | FH1: W_122 | FI1: D_123 | FJ1: W_123 | FK1: D_124 | FL1: W_124 | FM1: D_125 | FN1: W_125 | FO1: D_126 | FP1: W_126 | FQ1: D_139 | FR1: W_139 | FS1: D_140 | FT1: W_140 | FU1: D_141 | FV1: W_141 | FW1: D_142 | FX1: W_142 | FY1: D_143 | FZ1: W_143 | GA1: D_144 | GB1: W_144 | GC1: D_145 | GD1: W_145 | GE1: D_146 | GF1: W_146 | GG1: D_147 | GH1: W_147 | GI1: D_148 | GJ1: W_148 | GK1: D_149 | GL1: W_149 | GM1: D_150 | GN1: W_150 | GO1: D_151 | GP1: W_151 | GQ1: D_152 | GR1: W_152 | GS1: D_153 | GT1: W_153 | GU1: D_154 | GV1: W_154 | GW1: D_155 | GX1: W_155 | GY1: D_156 | GZ1: W_156 | HA1: D_157 | HB1: W_157 | HC1: D_158 | HD1: W_158 | HE1: D_159 | HF1: W_159 | HG1: D_160 | HH1: W_160 | HI1: D_161 | HJ1: W_161 | HK1: D_162 | HL1: W_162 | HM1: D_163 | HN1: W_163 | HO1: D_164 | HP1: W_164 | HQ1: D_165 | HR1: W_165 | HS1: D_166 | HT1: W_166 | HU1: D_167 | HV1: W_167 | HW1: D_168 | HX1: W_168 | HY1: D_169 | HZ1: W_169 | IA1: D_170 | IB1: W_170 | IC1: D_171 | ID1: W_171 | IE1: D_173 | IF1: W_173 | IG1: D_174 | IH1: W_174
A2: seq16_binder | B2: 16 | C2: binder | D2: =IF(C2="Binder", 1,0) -> 1 | F2: MPSELTPEERSELKNSIAEFHTYQLDPGQCSSLHAQRIHAPPDLVWSIVRRFDKPQTYVPFIKSCSVEQNFEMRVGCTREDILISGLPASTMTVRLDILDDERRVTGASVIGGEHRVRNLKTVTTVHRFEKENKIWTVVLKSYVVDMPEGNSEDDTRMILDTGVKLILQKLATVAEAMARN | G2: =_xlfn.XLOOKUP(A2,rmsf_ca_per_seq_summary_500ns!$A$2:$A$195,rmsf_ca_per_seq_summary_500ns!$C$2:$C$195) -> 0.31071 | H2: =_xlfn.XLOOKUP(A2,rmsf_ca_per_seq_summary_500ns!$A$2:$A$195,rmsf_ca_per_seq_summary_500ns!$D$2:$D$195) -> 0.05224 | I2: =_xlfn.XLOOKUP($A2,gate_latch_rmsd_to_ref_500ns!$A$2:$A$195,gate_latch_rmsd_to_ref_500ns!$I$2:$I$195) -> 2.54 | J2: =_xlfn.XLOOKUP($A2,gate_latch_rmsd_to_ref_500ns!$A$2:$A$195,gate_latch_rmsd_to_ref_500ns!$M$2:$M$195) -> 1.253 | K2: =_xlfn.XLOOKUP($A2,contact_features_all_40_500ns!$A$2:$A$195,contact_features_all_40_500ns!$E$2:$E$195) -> 2.1300236 | L2: =_xlfn.XLOOKUP($A2,contact_features_all_40_500ns!$A$2:$A$195,contact_features_all_40_500ns!$F$2:$F$195) -> 0.88673881 | M2: =_xlfn.XLOOKUP($A2,contact_features_all_40_500ns!$A$2:$A$195,contact_features_all_40_500ns!$H$2:$H$195) -> 2.6687047 | N2: =_xlfn.XLOOKUP($A2,contact_features_all_40_500ns!$A$2:$A$195,contact_features_all_40_500ns!$I$2:$I$195) -> 0.70132552 | O2: =_xlfn.XLOOKUP($A2,contact_features_all_40_500ns!$A$2:$A$195,contact_features_all_40_500ns!$K$2:$K$195) -> 0.76114779 | P2: =_xlfn.XLOOKUP($A2,contact_features_all_40_500ns!$A$2:$A$195,contact_features_all_40_500ns!$L$2:$L$195) -> 0.46233914 | Q2: =_xlfn.XLOOKUP($A2,rmsf_single_residues_per_seq_50!$A$2:$A$195,rmsf_single_residues_per_seq_50!$E$2:$E$195) -> 2.893 | R2: =_xlfn.XLOOKUP($A2,rmsf_single_residues_per_seq_50!$A$2:$A$195,rmsf_single_residues_per_seq_50!$G$2:$G$195) -> 0.546 | S2: =_xlfn.XLOOKUP($A2,rmsf_single_residues_per_seq_50!$A$2:$A$195,rmsf_single_residues_per_seq_50!$H$2:$H$195) -> 0.676 | T2: =_xlfn.XLOOKUP($A2,rmsf_single_residues_per_seq_50!$A$2:$A$195,rmsf_single_residues_per_seq_50!$I$2:$I$195) -> 0.759 | U2: =_xlfn.XLOOKUP($A2,dw_scores_all_sequences_40_500n!$A$2:$A$195,dw_scores_all_sequences_40_500n!C$2:C$195) -> 0 | V2: =_xlfn.XLOOKUP($A2,dw_scores_all_sequences_40_500n!$A$2:$A$195,dw_scores_all_sequences_40_500n!D$2:D$195) -> 0 | W2: =_xlfn.XLOOKUP($A2,dw_scores_all_sequences_40_500n!$A$2:$A$195,dw_scores_all_sequences_40_500n!E$2:E$195) -> 0 | X2: =_xlfn.XLOOKUP($A2,dw_scores_all_sequences_40_500n!$A$2:$A$195,dw_scores_all_sequences_40_500n!F$2:F$195) -> 0 | Y2: =_xlfn.XLOOKUP($A2,dw_scores_all_sequences_40_500n!$A$2:$A$195,dw_scores_all_sequences_40_500n!G$2:G$195) -> 0 | Z2: =_xlfn.XLOOKUP($A2,dw_scores_all_sequences_40_500n!$A$2:$A$195,dw_scores_all_sequences_40_500n!H$2:H$195) -> 0 | AA2: =_xlfn.XLOOKUP($A2,dw_scores_all_sequences_40_500n!$A$2:$A$195,dw_scores_all_sequences_40_500n!I$2:I$195) -> 0 | AB2: =_xlfn.XLOOKUP($A2,dw_scores_all_sequences_40_500n!$A$2:$A$195,dw_scores_all_sequences_40_500n!J$2:J$195) -> 0 | ... IH2: =_xlfn.XLOOKUP($A2,dw_scores_all_sequences_40_500n!$A$2:$A$195,dw_scores_all_sequences_40_500n!HP$2:HP$195) -> 0
A3: seq14_binder | B3: 14 | C3: binder | D3: =IF(C3="Binder", 1,0) -> 1 | F3: MPSELTPEERSELKNSIAEFHTYQLDPGQCSSLHAQRIHAPPDLVWSIVRRFDKPQTYVPFIKSCSVEQNFEMRVGCTREDILISGLPASTMTLRLDILDDERRVTGASVIGGEHRVRNLKTVTTVHRFEKENKIWTVVLKSYVVDMPEGNSEDDTRMIMDTGIKLILQKLATVAEAMARN | G3: =_xlfn.XLOOKUP(A3,rmsf_ca_per_seq_summary_500ns!$A$2:$A$195,rmsf_ca_per_seq_summary_500ns!$C$2:$C$195) -> 0.28114 | H3: =_xlfn.XLOOKUP(A3,rmsf_ca_per_seq_summary_500ns!$A$2:$A$195,rmsf_ca_per_seq_summary_500ns!$D$2:$D$195) -> 0.05419 | I3: =_xlfn.XLOOKUP($A3,gate_latch_rmsd_to_ref_500ns!$A$2:$A$195,gate_latch_rmsd_to_ref_500ns!$I$2:$I$195) -> 1.5227 | J3: =_xlfn.XLOOKUP($A3,gate_latch_rmsd_to_ref_500ns!$A$2:$A$195,gate_latch_rmsd_to_ref_500ns!$M$2:$M$195) -> 1.5219 | K3: =_xlfn.XLOOKUP($A3,contact_features_all_40_500ns!$A$2:$A$195,contact_features_all_40_500ns!$E$2:$E$195) -> 2.5602022 | L3: =_xlfn.XLOOKUP($A3,contact_features_all_40_500ns!$A$2:$A$195,contact_features_all_40_500ns!$F$2:$F$195) -> 0.52617868 | M3: =_xlfn.XLOOKUP($A3,contact_features_all_40_500ns!$A$2:$A$195,contact_features_all_40_500ns!$H$2:$H$195) -> 2.5500937 | N3: =_xlfn.XLOOKUP($A3,contact_features_all_40_500ns!$A$2:$A$195,contact_features_all_40_500ns!$I$2:$I$195) -> 0.84966714 | O3: =_xlfn.XLOOKUP($A3,contact_features_all_40_500ns!$A$2:$A$195,contact_features_all_40_500ns!$K$2:$K$195) -> 0.69299747 | P3: =_xlfn.XLOOKUP($A3,contact_features_all_40_500ns!$A$2:$A$195,contact_features_all_40_500ns!$L$2:$L$195) -> 0.46125045 | Q3: =_xlfn.XLOOKUP($A3,rmsf_single_residues_per_seq_50!$A$2:$A$195,rmsf_single_residues_per_seq_50!$E$2:$E$195) -> 2.463 | R3: =_xlfn.XLOOKUP($A3,rmsf_single_residues_per_seq_50!$A$2:$A$195,rmsf_single_residues_per_seq_50!$G$2:$G$195) -> 0.51 | S3: =_xlfn.XLOOKUP($A3,rmsf_single_residues_per_seq_50!$A$2:$A$195,rmsf_single_residues_per_seq_50!$H$2:$H$195) -> 0.684 | T3: =_xlfn.XLOOKUP($A3,rmsf_single_residues_per_seq_50!$A$2:$A$195,rmsf_single_residues_per_seq_50!$I$2:$I$195) -> 0.62 | U3: =_xlfn.XLOOKUP($A3,dw_scores_all_sequences_40_500n!$A$2:$A$195,dw_scores_all_sequences_40_500n!C$2:C$195) -> 0 | V3: =_xlfn.XLOOKUP($A3,dw_scores_all_sequences_40_500n!$A$2:$A$195,dw_scores_all_sequences_40_500n!D$2:D$195) -> 0 | W3: =_xlfn.XLOOKUP($A3,dw_scores_all_sequences_40_500n!$A$2:$A$195,dw_scores_all_sequences_40_500n!E$2:E$195) -> 0 | X3: =_xlfn.XLOOKUP($A3,dw_scores_all_sequences_40_500n!$A$2:$A$195,dw_scores_all_sequences_40_500n!F$2:F$195) -> 0 | Y3: =_xlfn.XLOOKUP($A3,dw_scores_all_sequences_40_500n!$A$2:$A$195,dw_scores_all_sequences_40_500n!G$2:G$195) -> 0 | Z3: =_xlfn.XLOOKUP($A3,dw_scores_all_sequences_40_500n!$A$2:$A$195,dw_scores_all_sequences_40_500n!H$2:H$195) -> 0 | AA3: =_xlfn.XLOOKUP($A3,dw_scores_all_sequences_40_500n!$A$2:$A$195,dw_scores_all_sequences_40_500n!I$2:I$195) -> 0 | AB3: =_xlfn.XLOOKUP($A3,dw_scores_all_sequences_40_500n!$A$2:$A$195,dw_scores_all_sequences_40_500n!J$2:J$195) -> 0 | ... IH3: =_xlfn.XLOOKUP($A3,dw_scores_all_sequences_40_500n!$A$2:$A$195,dw_scores_all_sequences_40_500n!HP$2:HP$195) -> 0
A4: seq10_binder | B4: 10 | C4: binder | D4: =IF(C4="Binder", 1,0) -> 1 | F4: MPSELTPEERSELKNSIAEFHTYQLDPGQCSSLHAQRIHAPPDLVWSIVRRFDKPQTYVPFIKSCSVEQNFEMRVGCTREDILISGLPASTMTVRLDILDDERRVTGASVIGGEHRVRNLKTVTTVHRFEKENKIWTVVLKSYVVDMPEGNSEDDTRMIVDTGVKLLLQKLATVAEAMARN | G4: =_xlfn.XLOOKUP(A4,rmsf_ca_per_seq_summary_500ns!$A$2:$A$195,rmsf_ca_per_seq_summary_500ns!$C$2:$C$195) -> 1.0638 | H4: =_xlfn.XLOOKUP(A4,rmsf_ca_per_seq_summary_500ns!$A$2:$A$195,rmsf_ca_per_seq_summary_500ns!$D$2:$D$195) -> 0.47754 | I4: =_xlfn.XLOOKUP($A4,gate_latch_rmsd_to_ref_500ns!$A$2:$A$195,gate_latch_rmsd_to_ref_500ns!$I$2:$I$195) -> 1.4443 | J4: =_xlfn.XLOOKUP($A4,gate_latch_rmsd_to_ref_500ns!$A$2:$A$195,gate_latch_rmsd_to_ref_500ns!$M$2:$M$195) -> 3.0262 | K4: =_xlfn.XLOOKUP($A4,contact_features_all_40_500ns!$A$2:$A$195,contact_features_all_40_500ns!$E$2:$E$195) -> 2.2310263 | L4: =_xlfn.XLOOKUP($A4,contact_features_all_40_500ns!$A$2:$A$195,contact_features_all_40_500ns!$F$2:$F$195) -> 0.65626958 | M4: =_xlfn.XLOOKUP($A4,contact_features_all_40_500ns!$A$2:$A$195,contact_features_all_40_500ns!$H$2:$H$195) -> 2.1719247 | N4: =_xlfn.XLOOKUP($A4,contact_features_all_40_500ns!$A$2:$A$195,contact_features_all_40_500ns!$I$2:$I$195) -> 0.5315827 | O4: =_xlfn.XLOOKUP($A4,contact_features_all_40_500ns!$A$2:$A$195,contact_features_all_40_500ns!$K$2:$K$195) -> 0.62566235 | P4: =_xlfn.XLOOKUP($A4,contact_features_all_40_500ns!$A$2:$A$195,contact_features_all_40_500ns!$L$2:$L$195) -> 0.54405953 | Q4: =_xlfn.XLOOKUP($A4,rmsf_single_residues_per_seq_50!$A$2:$A$195,rmsf_single_residues_per_seq_50!$E$2:$E$195) -> 1.674 | R4: =_xlfn.XLOOKUP($A4,rmsf_single_residues_per_seq_50!$A$2:$A$195,rmsf_single_residues_per_seq_50!$G$2:$G$195) -> 0.805 | S4: =_xlfn.XLOOKUP($A4,rmsf_single_residues_per_seq_50!$A$2:$A$195,rmsf_single_residues_per_seq_50!$H$2:$H$195) -> 0.871 | T4: =_xlfn.XLOOKUP($A4,rmsf_single_residues_per_seq_50!$A$2:$A$195,rmsf_single_residues_per_seq_50!$I$2:$I$195) -> 1.005 | U4: =_xlfn.XLOOKUP($A4,dw_scores_all_sequences_40_500n!$A$2:$A$195,dw_scores_all_sequences_40_500n!C$2:C$195) -> 0 | V4: =_xlfn.XLOOKUP($A4,dw_scores_all_sequences_40_500n!$A$2:$A$195,dw_scores_all_sequences_40_500n!D$2:D$195) -> 0 | W4: =_xlfn.XLOOKUP($A4,dw_scores_all_sequences_40_500n!$A$2:$A$195,dw_scores_all_sequences_40_500n!E$2:E$195) -> 0 | X4: =_xlfn.XLOOKUP($A4,dw_scores_all_sequences_40_500n!$A$2:$A$195,dw_scores_all_sequences_40_500n!F$2:F$195) -> 0 | Y4: =_xlfn.XLOOKUP($A4,dw_scores_all_sequences_40_500n!$A$2:$A$195,dw_scores_all_sequences_40_500n!G$2:G$195) -> 0 | Z4: =_xlfn.XLOOKUP($A4,dw_scores_all_sequences_40_500n!$A$2:$A$195,dw_scores_all_sequences_40_500n!H$2:H$195) -> 0 | AA4: =_xlfn.XLOOKUP($A4,dw_scores_all_sequences_40_500n!$A$2:$A$195,dw_scores_all_sequences_40_500n!I$2:I$195) -> 0 | AB4: =_xlfn.XLOOKUP($A4,dw_scores_all_sequences_40_500n!$A$2:$A$195,dw_scores_all_sequences_40_500n!J$2:J$195) -> 0 | ... IH4: =_xlfn.XLOOKUP($A4,dw_scores_all_sequences_40_500n!$A$2:$A$195,dw_scores_all_sequences_40_500n!HP$2:HP$195) -> 0
A5: seq17_binder | B5: 17 | C5: binder | D5: =IF(C5="Binder", 1,0) -> 1 | F5: MPSELTPEERSELKNSIAEFHTYQLDPGQCSSLHAQRIHAPPDLVWSIVRRFDKPQTYAPFIKSCSVEQNFEMRVGCTREDILISGLPASTMTVRLDILDDERRVTGVSIIGGEHRLRNYKSVTTVHRFEKENKIWTVVLKSYVVDMPEGNSEDDTRMILDTGVKLILQKLATVAEAMARN | G5: =_xlfn.XLOOKUP(A5,rmsf_ca_per_seq_summary_500ns!$A$2:$A$195,rmsf_ca_per_seq_summary_500ns!$C$2:$C$195) -> 0.29129 | H5: =_xlfn.XLOOKUP(A5,rmsf_ca_per_seq_summary_500ns!$A$2:$A$195,rmsf_ca_per_seq_summary_500ns!$D$2:$D$195) -> 0.04837 | I5: =_xlfn.XLOOKUP($A5,gate_latch_rmsd_to_ref_500ns!$A$2:$A$195,gate_latch_rmsd_to_ref_500ns!$I$2:$I$195) -> 2.1259 | J5: =_xlfn.XLOOKUP($A5,gate_latch_rmsd_to_ref_500ns!$A$2:$A$195,gate_latch_rmsd_to_ref_500ns!$M$2:$M$195) -> 2.6499 | K5: =_xlfn.XLOOKUP($A5,contact_features_all_40_500ns!$A$2:$A$195,contact_features_all_40_500ns!$E$2:$E$195) -> 2.4638461 | L5: =_xlfn.XLOOKUP($A5,contact_features_all_40_500ns!$A$2:$A$195,contact_features_all_40_500ns!$F$2:$F$195) -> 0.54717277 | M5: =_xlfn.XLOOKUP($A5,contact_features_all_40_500ns!$A$2:$A$195,contact_features_all_40_500ns!$H$2:$H$195) -> 2.9130187 | N5: =_xlfn.XLOOKUP($A5,contact_features_all_40_500ns!$A$2:$A$195,contact_features_all_40_500ns!$I$2:$I$195) -> 0.45523422 | O5: =_xlfn.XLOOKUP($A5,contact_features_all_40_500ns!$A$2:$A$195,contact_features_all_40_500ns!$K$2:$K$195) -> 0.20803783 | P5: =_xlfn.XLOOKUP($A5,contact_features_all_40_500ns!$A$2:$A$195,contact_features_all_40_500ns!$L$2:$L$195) -> 0.40590404 | Q5: =_xlfn.XLOOKUP($A5,rmsf_single_residues_per_seq_50!$A$2:$A$195,rmsf_single_residues_per_seq_50!$E$2:$E$195) -> 1.387 | R5: =_xlfn.XLOOKUP($A5,rmsf_single_residues_per_seq_50!$A$2:$A$195,rmsf_single_residues_per_seq_50!$G$2:$G$195) -> 0.573 | S5: =_xlfn.XLOOKUP($A5,rmsf_single_residues_per_seq_50!$A$2:$A$195,rmsf_single_residues_per_seq_50!$H$2:$H$195) -> 0.682 | T5: =_xlfn.XLOOKUP($A5,rmsf_single_residues_per_seq_50!$A$2:$A$195,rmsf_single_residues_per_seq_50!$I$2:$I$195) -> 0.598 | U5: =_xlfn.XLOOKUP($A5,dw_scores_all_sequences_40_500n!$A$2:$A$195,dw_scores_all_sequences_40_500n!C$2:C$195) -> 0 | V5: =_xlfn.XLOOKUP($A5,dw_scores_all_sequences_40_500n!$A$2:$A$195,dw_scores_all_sequences_40_500n!D$2:D$195) -> 0 | W5: =_xlfn.XLOOKUP($A5,dw_scores_all_sequences_40_500n!$A$2:$A$195,dw_scores_all_sequences_40_500n!E$2:E$195) -> 0 | X5: =_xlfn.XLOOKUP($A5,dw_scores_all_sequences_40_500n!$A$2:$A$195,dw_scores_all_sequences_40_500n!F$2:F$195) -> 0 | Y5: =_xlfn.XLOOKUP($A5,dw_scores_all_sequences_40_500n!$A$2:$A$195,dw_scores_all_sequences_40_500n!G$2:G$195) -> 0 | Z5: =_xlfn.XLOOKUP($A5,dw_scores_all_sequences_40_500n!$A$2:$A$195,dw_scores_all_sequences_40_500n!H$2:H$195) -> 0 | AA5: =_xlfn.XLOOKUP($A5,dw_scores_all_sequences_40_500n!$A$2:$A$195,dw_scores_all_sequences_40_500n!I$2:I$195) -> 0 | AB5: =_xlfn.XLOOKUP($A5,dw_scores_all_sequences_40_500n!$A$2:$A$195,dw_scores_all_sequences_40_500n!J$2:J$195) -> 0 | ... IH5: =_xlfn.XLOOKUP($A5,dw_scores_all_sequences_40_500n!$A$2:$A$195,dw_scores_all_sequences_40_500n!HP$2:HP$195) -> 0
A6: seq39_binder | B6: 39 | C6: binder | D6: =IF(C6="Binder", 1,0) -> 1 | F6: MPSELTPEERSELKNSIAEFHTYQLDPGQCSSLHAQRIHAPPDLVWSIVRRFDKPQTYVPFIKSCSVEQNFEMRVGCTREDILISGLPASTMTVRLDILDDERRVTGASVIGGEHRLRNYKSVTTVHRFEKENKIWTVVLKSYVVDMPEGNSEDDTRMIVDTGVKLLLQKLATVAEAMARN | G6: =_xlfn.XLOOKUP(A6,rmsf_ca_per_seq_summary_500ns!$A$2:$A$195,rmsf_ca_per_seq_summary_500ns!$C$2:$C$195) -> 0.366 | H6: =_xlfn.XLOOKUP(A6,rmsf_ca_per_seq_summary_500ns!$A$2:$A$195,rmsf_ca_per_seq_summary_500ns!$D$2:$D$195) -> 0.05587 | I6: =_xlfn.XLOOKUP($A6,gate_latch_rmsd_to_ref_500ns!$A$2:$A$195,gate_latch_rmsd_to_ref_500ns!$I$2:$I$195) -> 1.328 | J6: =_xlfn.XLOOKUP($A6,gate_latch_rmsd_to_ref_500ns!$A$2:$A$195,gate_latch_rmsd_to_ref_500ns!$M$2:$M$195) -> 2.9569 | K6: =_xlfn.XLOOKUP($A6,contact_features_all_40_500ns!$A$2:$A$195,contact_features_all_40_500ns!$E$2:$E$195) -> 2.315073 | L6: =_xlfn.XLOOKUP($A6,contact_features_all_40_500ns!$A$2:$A$195,contact_features_all_40_500ns!$F$2:$F$195) -> 1.1589021 | M6: =_xlfn.XLOOKUP($A6,contact_features_all_40_500ns!$A$2:$A$195,contact_features_all_40_500ns!$H$2:$H$195) -> 1.9024211 | N6: =_xlfn.XLOOKUP($A6,contact_features_all_40_500ns!$A$2:$A$195,contact_features_all_40_500ns!$I$2:$I$195) -> 0.50530713 | O6: =_xlfn.XLOOKUP($A6,contact_features_all_40_500ns!$A$2:$A$195,contact_features_all_40_500ns!$K$2:$K$195) -> 0.8500856 | P6: =_xlfn.XLOOKUP($A6,contact_features_all_40_500ns!$A$2:$A$195,contact_features_all_40_500ns!$L$2:$L$195) -> 0.36533891 | Q6: =_xlfn.XLOOKUP($A6,rmsf_single_residues_per_seq_50!$A$2:$A$195,rmsf_single_residues_per_seq_50!$E$2:$E$195) -> 2.16 | R6: =_xlfn.XLOOKUP($A6,rmsf_single_residues_per_seq_50!$A$2:$A$195,rmsf_single_residues_per_seq_50!$G$2:$G$195) -> 0.663 | S6: =_xlfn.XLOOKUP($A6,rmsf_single_residues_per_seq_50!$A$2:$A$195,rmsf_single_residues_per_seq_50!$H$2:$H$195) -> 0.671 | T6: =_xlfn.XLOOKUP($A6,rmsf_single_residues_per_seq_50!$A$2:$A$195,rmsf_single_residues_per_seq_50!$I$2:$I$195) -> 1.319 | U6: =_xlfn.XLOOKUP($A6,dw_scores_all_sequences_40_500n!$A$2:$A$195,dw_scores_all_sequences_40_500n!C$2:C$195) -> 0 | V6: =_xlfn.XLOOKUP($A6,dw_scores_all_sequences_40_500n!$A$2:$A$195,dw_scores_all_sequences_40_500n!D$2:D$195) -> 0 | W6: =_xlfn.XLOOKUP($A6,dw_scores_all_sequences_40_500n!$A$2:$A$195,dw_scores_all_sequences_40_500n!E$2:E$195) -> 0 | X6: =_xlfn.XLOOKUP($A6,dw_scores_all_sequences_40_500n!$A$2:$A$195,dw_scores_all_sequences_40_500n!F$2:F$195) -> 0 | Y6: =_xlfn.XLOOKUP($A6,dw_scores_all_sequences_40_500n!$A$2:$A$195,dw_scores_all_sequences_40_500n!G$2:G$195) -> 0 | Z6: =_xlfn.XLOOKUP($A6,dw_scores_all_sequences_40_500n!$A$2:$A$195,dw_scores_all_sequences_40_500n!H$2:H$195) -> 0 | AA6: =_xlfn.XLOOKUP($A6,dw_scores_all_sequences_40_500n!$A$2:$A$195,dw_scores_all_sequences_40_500n!I$2:I$195) -> 0 | AB6: =_xlfn.XLOOKUP($A6,dw_scores_all_sequences_40_500n!$A$2:$A$195,dw_scores_all_sequences_40_500n!J$2:J$195) -> 0 | ... IH6: =_xlfn.XLOOKUP($A6,dw_scores_all_sequences_40_500n!$A$2:$A$195,dw_scores_all_sequences_40_500n!HP$2:HP$195) -> 0
A7: seq42_binder | B7: 42 | C7: binder | D7: =IF(C7="Binder", 1,0) -> 1 | F7: MPSELTPEERSELKNSIAEFHTYQLDPGQCSSLHAQRIHAPPDLVWSIVRRFDKPQTYLPFIKSCSVEQNFEMRVGCTRELIVISGLPASTATVRLDILDDERRVTGGSVIGGEHRLRNLKWVTTVHRFEKENKIWTVVLQSYVVDMPEGNSEDDTRMYVDTFIKLVLQKLATVAEAMARN | G7: =_xlfn.XLOOKUP(A7,rmsf_ca_per_seq_summary_500ns!$A$2:$A$195,rmsf_ca_per_seq_summary_500ns!$C$2:$C$195) -> 0.305 | H7: =_xlfn.XLOOKUP(A7,rmsf_ca_per_seq_summary_500ns!$A$2:$A$195,rmsf_ca_per_seq_summary_500ns!$D$2:$D$195) -> 0.05492 | I7: =_xlfn.XLOOKUP($A7,gate_latch_rmsd_to_ref_500ns!$A$2:$A$195,gate_latch_rmsd_to_ref_500ns!$I$2:$I$195) -> 2.7893 | J7: =_xlfn.XLOOKUP($A7,gate_latch_rmsd_to_ref_500ns!$A$2:$A$195,gate_latch_rmsd_to_ref_500ns!$M$2:$M$195) -> 4.1589 | K7: =_xlfn.XLOOKUP($A7,contact_features_all_40_500ns!$A$2:$A$195,contact_features_all_40_500ns!$E$2:$E$195) -> 2.4099617 | L7: =_xlfn.XLOOKUP($A7,contact_features_all_40_500ns!$A$2:$A$195,contact_features_all_40_500ns!$F$2:$F$195) -> 0.90483438 | M7: =_xlfn.XLOOKUP($A7,contact_features_all_40_500ns!$A$2:$A$195,contact_features_all_40_500ns!$H$2:$H$195) -> 0.92671395 | N7: =_xlfn.XLOOKUP($A7,contact_features_all_40_500ns!$A$2:$A$195,contact_features_all_40_500ns!$I$2:$I$195) -> 0.52794384 | O7: =_xlfn.XLOOKUP($A7,contact_features_all_40_500ns!$A$2:$A$195,contact_features_all_40_500ns!$K$2:$K$195) -> 0.0081519524 | P7: =_xlfn.XLOOKUP($A7,contact_features_all_40_500ns!$A$2:$A$195,contact_features_all_40_500ns!$L$2:$L$195) -> 0.089919398 | Q7: =_xlfn.XLOOKUP($A7,rmsf_single_residues_per_seq_50!$A$2:$A$195,rmsf_single_residues_per_seq_50!$E$2:$E$195) -> 2.926 | R7: =_xlfn.XLOOKUP($A7,rmsf_single_residues_per_seq_50!$A$2:$A$195,rmsf_single_residues_per_seq_50!$G$2:$G$195) -> 1.628 | S7: =_xlfn.XLOOKUP($A7,rmsf_single_residues_per_seq_50!$A$2:$A$195,rmsf_single_residues_per_seq_50!$H$2:$H$195) -> 0.947 | T7: =_xlfn.XLOOKUP($A7,rmsf_single_residues_per_seq_50!$A$2:$A$195,rmsf_single_residues_per_seq_50!$I$2:$I$195) -> 1.015 | U7: =_xlfn.XLOOKUP($A7,dw_scores_all_sequences_40_500n!$A$2:$A$195,dw_scores_all_sequences_40_500n!C$2:C$195) -> 0 | V7: =_xlfn.XLOOKUP($A7,dw_scores_all_sequences_40_500n!$A$2:$A$195,dw_scores_all_sequences_40_500n!D$2:D$195) -> 0 | W7: =_xlfn.XLOOKUP($A7,dw_scores_all_sequences_40_500n!$A$2:$A$195,dw_scores_all_sequences_40_500n!E$2:E$195) -> 0 | X7: =_xlfn.XLOOKUP($A7,dw_scores_all_sequences_40_500n!$A$2:$A$195,dw_scores_all_sequences_40_500n!F$2:F$195) -> 0 | Y7: =_xlfn.XLOOKUP($A7,dw_scores_all_sequences_40_500n!$A$2:$A$195,dw_scores_all_sequences_40_500n!G$2:G$195) -> 0 | Z7: =_xlfn.XLOOKUP($A7,dw_scores_all_sequences_40_500n!$A$2:$A$195,dw_scores_all_sequences_40_500n!H$2:H$195) -> 0 | AA7: =_xlfn.XLOOKUP($A7,dw_scores_all_sequences_40_500n!$A$2:$A$195,dw_scores_all_sequences_40_500n!I$2:I$195) -> 0 | AB7: =_xlfn.XLOOKUP($A7,dw_scores_all_sequences_40_500n!$A$2:$A$195,dw_scores_all_sequences_40_500n!J$2:J$195) -> 0 | ... IH7: =_xlfn.XLOOKUP($A7,dw_scores_all_sequences_40_500n!$A$2:$A$195,dw_scores_all_sequences_40_500n!HP$2:HP$195) -> 0
A8: pair_3069_binder | B8: 3069 | C8: binder | D8: =IF(C8="Binder", 1,0) -> 1 | E8: 0.7232 | F8: MASELTPEERSELKNSIAEFHTYQLDPGSCSSLHAQRIHAPPELVWSIVRRFDKPQTYAHFIKSCSVEQNFEMRVGCTRDDILISGLPANTMTVRLDILDDERRVTGVSIIGGEHRLTNYKSVTTVHRFEKENRIWTVVLKSYVVDMPEGNSEDDTRMILDTGVKLILQKLATVAEAMARN | G8: =_xlfn.XLOOKUP(A8,rmsf_ca_per_seq_summary_500ns!$A$2:$A$195,rmsf_ca_per_seq_summary_500ns!$C$2:$C$195) -> 0.37043 | H8: =_xlfn.XLOOKUP(A8,rmsf_ca_per_seq_summary_500ns!$A$2:$A$195,rmsf_ca_per_seq_summary_500ns!$D$2:$D$195) -> 0.08798 | I8: =_xlfn.XLOOKUP($A8,gate_latch_rmsd_to_ref_500ns!$A$2:$A$195,gate_latch_rmsd_to_ref_500ns!$I$2:$I$195) -> 2.7978 | J8: =_xlfn.XLOOKUP($A8,gate_latch_rmsd_to_ref_500ns!$A$2:$A$195,gate_latch_rmsd_to_ref_500ns!$M$2:$M$195) -> 4.9449 | K8: =_xlfn.XLOOKUP($A8,contact_features_all_40_500ns!$A$2:$A$195,contact_features_all_40_500ns!$E$2:$E$195) -> 1.7655498 | L8: =_xlfn.XLOOKUP($A8,contact_features_all_40_500ns!$A$2:$A$195,contact_features_all_40_500ns!$F$2:$F$195) -> 0.65080929 | M8: =_xlfn.XLOOKUP($A8,contact_features_all_40_500ns!$A$2:$A$195,contact_features_all_40_500ns!$H$2:$H$195) -> 2.5426755 | N8: =_xlfn.XLOOKUP($A8,contact_features_all_40_500ns!$A$2:$A$195,contact_features_all_40_500ns!$I$2:$I$195) -> 0.92748444 | O8: =_xlfn.XLOOKUP($A8,contact_features_all_40_500ns!$A$2:$A$195,contact_features_all_40_500ns!$K$2:$K$195) -> 0.19197848 | P8: =_xlfn.XLOOKUP($A8,contact_features_all_40_500ns!$A$2:$A$195,contact_features_all_40_500ns!$L$2:$L$195) -> 0.39488978 | Q8: =_xlfn.XLOOKUP($A8,rmsf_single_residues_per_seq_50!$A$2:$A$195,rmsf_single_residues_per_seq_50!$E$2:$E$195) -> 1.196 | R8: =_xlfn.XLOOKUP($A8,rmsf_single_residues_per_seq_50!$A$2:$A$195,rmsf_single_residues_per_seq_50!$G$2:$G$195) -> 0.789 | S8: =_xlfn.XLOOKUP($A8,rmsf_single_residues_per_seq_50!$A$2:$A$195,rmsf_single_residues_per_seq_50!$H$2:$H$195) -> 0.783 | T8: =_xlfn.XLOOKUP($A8,rmsf_single_residues_per_seq_50!$A$2:$A$195,rmsf_single_residues_per_seq_50!$I$2:$I$195) -> 1.13 | U8: =_xlfn.XLOOKUP($A8,dw_scores_all_sequences_40_500n!$A$2:$A$195,dw_scores_all_sequences_40_500n!C$2:C$195) -> 0 | V8: =_xlfn.XLOOKUP($A8,dw_scores_all_sequences_40_500n!$A$2:$A$195,dw_scores_all_sequences_40_500n!D$2:D$195) -> 0 | W8: =_xlfn.XLOOKUP($A8,dw_scores_all_sequences_40_500n!$A$2:$A$195,dw_scores_all_sequences_40_500n!E$2:E$195) -> 0 | X8: =_xlfn.XLOOKUP($A8,dw_scores_all_sequences_40_500n!$A$2:$A$195,dw_scores_all_sequences_40_500n!F$2:F$195) -> 0 | Y8: =_xlfn.XLOOKUP($A8,dw_scores_all_sequences_40_500n!$A$2:$A$195,dw_scores_all_sequences_40_500n!G$2:G$195) -> 0 | Z8: =_xlfn.XLOOKUP($A8,dw_scores_all_sequences_40_500n!$A$2:$A$195,dw_scores_all_sequences_40_500n!H$2:H$195) -> 0 | AA8: =_xlfn.XLOOKUP($A8,dw_scores_all_sequences_40_500n!$A$2:$A$195,dw_scores_all_sequences_40_500n!I$2:I$195) -> 0 | AB8: =_xlfn.XLOOKUP($A8,dw_scores_all_sequences_40_500n!$A$2:$A$195,dw_scores_all_sequences_40_500n!J$2:J$195) -> 0 | ... IH8: =_xlfn.XLOOKUP($A8,dw_scores_all_sequences_40_500n!$A$2:$A$195,dw_scores_all_sequences_40_500n!HP$2:HP$195) -> 0
A9: pair_3070_binder | B9: 3070 | C9: binder | D9: =IF(C9="Binder", 1,0) -> 1 | E9: 0.6667 | F9: MASELTPEERSELKNSIAEFHTYQLDPGSCSSLHAQRIHAPPELVWSIVRRFDKPQTYAHFIKSCSVEQNFEMRVGCTRDDILISGLPANTMTVRLDILDDERRVTGASVIGGEHRLTNYKSVTTVHRFEKENRIWTVVLKSYVVDMPEGNSEDDTRMIVDTGVKLLLQKLATVAEAMARN | G9: =_xlfn.XLOOKUP(A9,rmsf_ca_per_seq_summary_500ns!$A$2:$A$195,rmsf_ca_per_seq_summary_500ns!$C$2:$C$195) -> 0.31829 | H9: =_xlfn.XLOOKUP(A9,rmsf_ca_per_seq_summary_500ns!$A$2:$A$195,rmsf_ca_per_seq_summary_500ns!$D$2:$D$195) -> 0.04939 | I9: =_xlfn.XLOOKUP($A9,gate_latch_rmsd_to_ref_500ns!$A$2:$A$195,gate_latch_rmsd_to_ref_500ns!$I$2:$I$195) -> 1.7093 | J9: =_xlfn.XLOOKUP($A9,gate_latch_rmsd_to_ref_500ns!$A$2:$A$195,gate_latch_rmsd_to_ref_500ns!$M$2:$M$195) -> 1.6324 | K9: =_xlfn.XLOOKUP($A9,contact_features_all_40_500ns!$A$2:$A$195,contact_features_all_40_500ns!$E$2:$E$195) -> 2.494905 | L9: =_xlfn.XLOOKUP($A9,contact_features_all_40_500ns!$A$2:$A$195,contact_features_all_40_500ns!$F$2:$F$195) -> 1.3500551 | M9: =_xlfn.XLOOKUP($A9,contact_features_all_40_500ns!$A$2:$A$195,contact_features_all_40_500ns!$H$2:$H$195) -> 1.8649221 | N9: =_xlfn.XLOOKUP($A9,contact_features_all_40_500ns!$A$2:$A$195,contact_features_all_40_500ns!$I$2:$I$195) -> 0.63518066 | O9: =_xlfn.XLOOKUP($A9,contact_features_all_40_500ns!$A$2:$A$195,contact_features_all_40_500ns!$K$2:$K$195) -> 0.43278715 | P9: =_xlfn.XLOOKUP($A9,contact_features_all_40_500ns!$A$2:$A$195,contact_features_all_40_500ns!$L$2:$L$195) -> 0.49546184 | Q9: =_xlfn.XLOOKUP($A9,rmsf_single_residues_per_seq_50!$A$2:$A$195,rmsf_single_residues_per_seq_50!$E$2:$E$195) -> 1.538 | R9: =_xlfn.XLOOKUP($A9,rmsf_single_residues_per_seq_50!$A$2:$A$195,rmsf_single_residues_per_seq_50!$G$2:$G$195) -> 0.718 | S9: =_xlfn.XLOOKUP($A9,rmsf_single_residues_per_seq_50!$A$2:$A$195,rmsf_single_residues_per_seq_50!$H$2:$H$195) -> 0.665 | T9: =_xlfn.XLOOKUP($A9,rmsf_single_residues_per_seq_50!$A$2:$A$195,rmsf_single_residues_per_seq_50!$I$2:$I$195) -> 0.637 | U9: =_xlfn.XLOOKUP($A9,dw_scores_all_sequences_40_500n!$A$2:$A$195,dw_scores_all_sequences_40_500n!C$2:C$195) -> 0 | V9: =_xlfn.XLOOKUP($A9,dw_scores_all_sequences_40_500n!$A$2:$A$195,dw_scores_all_sequences_40_500n!D$2:D$195) -> 0 | W9: =_xlfn.XLOOKUP($A9,dw_scores_all_sequences_40_500n!$A$2:$A$195,dw_scores_all_sequences_40_500n!E$2:E$195) -> 0 | X9: =_xlfn.XLOOKUP($A9,dw_scores_all_sequences_40_500n!$A$2:$A$195,dw_scores_all_sequences_40_500n!F$2:F$195) -> 0 | Y9: =_xlfn.XLOOKUP($A9,dw_scores_all_sequences_40_500n!$A$2:$A$195,dw_scores_all_sequences_40_500n!G$2:G$195) -> 0 | Z9: =_xlfn.XLOOKUP($A9,dw_scores_all_sequences_40_500n!$A$2:$A$195,dw_scores_all_sequences_40_500n!H$2:H$195) -> 0 | AA9: =_xlfn.XLOOKUP($A9,dw_scores_all_sequences_40_500n!$A$2:$A$195,dw_scores_all_sequences_40_500n!I$2:I$195) -> 0 | AB9: =_xlfn.XLOOKUP($A9,dw_scores_all_sequences_40_500n!$A$2:$A$195,dw_scores_all_sequences_40_500n!J$2:J$195) -> 0 | ... IH9: =_xlfn.XLOOKUP($A9,dw_scores_all_sequences_40_500n!$A$2:$A$195,dw_scores_all_sequences_40_500n!HP$2:HP$195) -> 0
A10: pair_3074_binder | B10: 3074 | C10: binder | D10: =IF(C10="Binder", 1,0) -> 1 | E10: 0.7 | F10: MASELTPEERSELKNSIAEFHTYQLDPGSCSSLHAQRIHAPPELVWSIVRRFDKPQTYAHFIKSCSVEQNFEMRVGCTRDDILISGLPANTMTVRLDILDDERRVTGVSIIGGEHRLTNYKSVTTVHRFEKENRIWTVVLKSYVVDMPEGNSEDDTRMHVDTLTKLALQKLATVAEAMARN | G10: =_xlfn.XLOOKUP(A10,rmsf_ca_per_seq_summary_500ns!$A$2:$A$195,rmsf_ca_per_seq_summary_500ns!$C$2:$C$195) -> 0.33186 | H10: =_xlfn.XLOOKUP(A10,rmsf_ca_per_seq_summary_500ns!$A$2:$A$195,rmsf_ca_per_seq_summary_500ns!$D$2:$D$195) -> 0.06673 | I10: =_xlfn.XLOOKUP($A10,gate_latch_rmsd_to_ref_500ns!$A$2:$A$195,gate_latch_rmsd_to_ref_500ns!$I$2:$I$195) -> 1.7977 | J10: =_xlfn.XLOOKUP($A10,gate_latch_rmsd_to_ref_500ns!$A$2:$A$195,gate_latch_rmsd_to_ref_500ns!$M$2:$M$195) -> 2.0618 | K10: =_xlfn.XLOOKUP($A10,contact_features_all_40_500ns!$A$2:$A$195,contact_features_all_40_500ns!$E$2:$E$195) -> 2.7791636 | L10: =_xlfn.XLOOKUP($A10,contact_features_all_40_500ns!$A$2:$A$195,contact_features_all_40_500ns!$F$2:$F$195) -> 0.92934349 | M10: =_xlfn.XLOOKUP($A10,contact_features_all_40_500ns!$A$2:$A$195,contact_features_all_40_500ns!$H$2:$H$195) -> 3.2813239 | N10: =_xlfn.XLOOKUP($A10,contact_features_all_40_500ns!$A$2:$A$195,contact_features_all_40_500ns!$I$2:$I$195) -> 0.73117534 | O10: =_xlfn.XLOOKUP($A10,contact_features_all_40_500ns!$A$2:$A$195,contact_features_all_40_500ns!$K$2:$K$195) -> 0.31931198 | P10: =_xlfn.XLOOKUP($A10,contact_features_all_40_500ns!$A$2:$A$195,contact_features_all_40_500ns!$L$2:$L$195) -> 0.46673435 | Q10: =_xlfn.XLOOKUP($A10,rmsf_single_residues_per_seq_50!$A$2:$A$195,rmsf_single_residues_per_seq_50!$E$2:$E$195) -> 2.508 | R10: =_xlfn.XLOOKUP($A10,rmsf_single_residues_per_seq_50!$A$2:$A$195,rmsf_single_residues_per_seq_50!$G$2:$G$195) -> 0.816 | S10: =_xlfn.XLOOKUP($A10,rmsf_single_residues_per_seq_50!$A$2:$A$195,rmsf_single_residues_per_seq_50!$H$2:$H$195) -> 0.766 | T10: =_xlfn.XLOOKUP($A10,rmsf_single_residues_per_seq_50!$A$2:$A$195,rmsf_single_residues_per_seq_50!$I$2:$I$195) -> 1.134 | U10: =_xlfn.XLOOKUP($A10,dw_scores_all_sequences_40_500n!$A$2:$A$195,dw_scores_all_sequences_40_500n!C$2:C$195) -> 0 | V10: =_xlfn.XLOOKUP($A10,dw_scores_all_sequences_40_500n!$A$2:$A$195,dw_scores_all_sequences_40_500n!D$2:D$195) -> 0 | W10: =_xlfn.XLOOKUP($A10,dw_scores_all_sequences_40_500n!$A$2:$A$195,dw_scores_all_sequences_40_500n!E$2:E$195) -> 0 | X10: =_xlfn.XLOOKUP($A10,dw_scores_all_sequences_40_500n!$A$2:$A$195,dw_scores_all_sequences_40_500n!F$2:F$195) -> 0 | Y10: =_xlfn.XLOOKUP($A10,dw_scores_all_sequences_40_500n!$A$2:$A$195,dw_scores_all_sequences_40_500n!G$2:G$195) -> 0 | Z10: =_xlfn.XLOOKUP($A10,dw_scores_all_sequences_40_500n!$A$2:$A$195,dw_scores_all_sequences_40_500n!H$2:H$195) -> 0 | AA10: =_xlfn.XLOOKUP($A10,dw_scores_all_sequences_40_500n!$A$2:$A$195,dw_scores_all_sequences_40_500n!I$2:I$195) -> 0 | AB10: =_xlfn.XLOOKUP($A10,dw_scores_all_sequences_40_500n!$A$2:$A$195,dw_scores_all_sequences_40_500n!J$2:J$195) -> 0 | ... IH10: =_xlfn.XLOOKUP($A10,dw_scores_all_sequences_40_500n!$A$2:$A$195,dw_scores_all_sequences_40_500n!HP$2:HP$195) -> 0
A11: pair_3092_binder | B11: 3092 | C11: binder | D11: =IF(C11="Binder", 1,0) -> 1 | E11: 0.5769 | F11: MASELTPEERSELKNSIAEFHTYQLDPGSCSSLHAQRIHAPPELVWSIVRRFDKPQTYVHFIKSCSVEQNFEMRVGCTRDDILISGLPANTMTVRLDILDDERRVTGASVIGGEHRLTNYKSVTTVHRFEKENRIWTVVLKSYVVDMPEGNSEDDTRMIVDTGVKLLLQKLATVAEAMARN | G11: =_xlfn.XLOOKUP(A11,rmsf_ca_per_seq_summary_500ns!$A$2:$A$195,rmsf_ca_per_seq_summary_500ns!$C$2:$C$195) -> 0.33371 | H11: =_xlfn.XLOOKUP(A11,rmsf_ca_per_seq_summary_500ns!$A$2:$A$195,rmsf_ca_per_seq_summary_500ns!$D$2:$D$195) -> 0.0508 | I11: =_xlfn.XLOOKUP($A11,gate_latch_rmsd_to_ref_500ns!$A$2:$A$195,gate_latch_rmsd_to_ref_500ns!$I$2:$I$195) -> 1.3232 | J11: =_xlfn.XLOOKUP($A11,gate_latch_rmsd_to_ref_500ns!$A$2:$A$195,gate_latch_rmsd_to_ref_500ns!$M$2:$M$195) -> 2.1979 | K11: =_xlfn.XLOOKUP($A11,contact_features_all_40_500ns!$A$2:$A$195,contact_features_all_40_500ns!$E$2:$E$195) -> 2.8023967 | L11: =_xlfn.XLOOKUP($A11,contact_features_all_40_500ns!$A$2:$A$195,contact_features_all_40_500ns!$F$2:$F$195) -> 0.77621619 | M11: =_xlfn.XLOOKUP($A11,contact_features_all_40_500ns!$A$2:$A$195,contact_features_all_40_500ns!$H$2:$H$195) -> 1.555474 | N11: =_xlfn.XLOOKUP($A11,contact_features_all_40_500ns!$A$2:$A$195,contact_features_all_40_500ns!$I$2:$I$195) -> 0.61043078 | O11: =_xlfn.XLOOKUP($A11,contact_features_all_40_500ns!$A$2:$A$195,contact_features_all_40_500ns!$K$2:$K$195) -> 0.053965925 | P11: =_xlfn.XLOOKUP($A11,contact_features_all_40_500ns!$A$2:$A$195,contact_features_all_40_500ns!$L$2:$L$195) -> 0.22774723 | Q11: =_xlfn.XLOOKUP($A11,rmsf_single_residues_per_seq_50!$A$2:$A$195,rmsf_single_residues_per_seq_50!$E$2:$E$195) -> 2.838 | R11: =_xlfn.XLOOKUP($A11,rmsf_single_residues_per_seq_50!$A$2:$A$195,rmsf_single_residues_per_seq_50!$G$2:$G$195) -> 0.703 | S11: =_xlfn.XLOOKUP($A11,rmsf_single_residues_per_seq_50!$A$2:$A$195,rmsf_single_residues_per_seq_50!$H$2:$H$195) -> 0.605 | T11: =_xlfn.XLOOKUP($A11,rmsf_single_residues_per_seq_50!$A$2:$A$195,rmsf_single_residues_per_seq_50!$I$2:$I$195) -> 0.671 | U11: =_xlfn.XLOOKUP($A11,dw_scores_all_sequences_40_500n!$A$2:$A$195,dw_scores_all_sequences_40_500n!C$2:C$195) -> 0 | V11: =_xlfn.XLOOKUP($A11,dw_scores_all_sequences_40_500n!$A$2:$A$195,dw_scores_all_sequences_40_500n!D$2:D$195) -> 0 | W11: =_xlfn.XLOOKUP($A11,dw_scores_all_sequences_40_500n!$A$2:$A$195,dw_scores_all_sequences_40_500n!E$2:E$195) -> 0 | X11: =_xlfn.XLOOKUP($A11,dw_scores_all_sequences_40_500n!$A$2:$A$195,dw_scores_all_sequences_40_500n!F$2:F$195) -> 0 | Y11: =_xlfn.XLOOKUP($A11,dw_scores_all_sequences_40_500n!$A$2:$A$195,dw_scores_all_sequences_40_500n!G$2:G$195) -> 0 | Z11: =_xlfn.XLOOKUP($A11,dw_scores_all_sequences_40_500n!$A$2:$A$195,dw_scores_all_sequences_40_500n!H$2:H$195) -> 0 | AA11: =_xlfn.XLOOKUP($A11,dw_scores_all_sequences_40_500n!$A$2:$A$195,dw_scores_all_sequences_40_500n!I$2:I$195) -> 0 | AB11: =_xlfn.XLOOKUP($A11,dw_scores_all_sequences_40_500n!$A$2:$A$195,dw_scores_all_sequences_40_500n!J$2:J$195) -> 0 | ... IH11: =_xlfn.XLOOKUP($A11,dw_scores_all_sequences_40_500n!$A$2:$A$195,dw_scores_all_sequences_40_500n!HP$2:HP$195) -> 0
A12: pair_3098_binder | B12: 3098 | C12: binder | D12: =IF(C12="Binder", 1,0) -> 1 | E12: 0.3871 | F12: MASELTPEERSELKNSIAEFHTYQLDPGSCSSLHAQRIHAPPELVWSIVRRFDKPQTYAHFIKSCSVEQNFEMRVGCTRDLILISGLPANTMTVRLDILDDERRVTGVSIIGGEHRLTNYKSVTTVHRFEKENRIWTVVLKSYVVDMPEGNSEDDTRMIVDTGVKLLLQKLATVAEAMARN | G12: =_xlfn.XLOOKUP(A12,rmsf_ca_per_seq_summary_500ns!$A$2:$A$195,rmsf_ca_per_seq_summary_500ns!$C$2:$C$195) -> 0.35357 | H12: =_xlfn.XLOOKUP(A12,rmsf_ca_per_seq_summary_500ns!$A$2:$A$195,rmsf_ca_per_seq_summary_500ns!$D$2:$D$195) -> 0.06343 | I12: =_xlfn.XLOOKUP($A12,gate_latch_rmsd_to_ref_500ns!$A$2:$A$195,gate_latch_rmsd_to_ref_500ns!$I$2:$I$195) -> 2.5834 | J12: =_xlfn.XLOOKUP($A12,gate_latch_rmsd_to_ref_500ns!$A$2:$A$195,gate_latch_rmsd_to_ref_500ns!$M$2:$M$195) -> 3.2364 | K12: =_xlfn.XLOOKUP($A12,contact_features_all_40_500ns!$A$2:$A$195,contact_features_all_40_500ns!$E$2:$E$195) -> 2.091954 | L12: =_xlfn.XLOOKUP($A12,contact_features_all_40_500ns!$A$2:$A$195,contact_features_all_40_500ns!$F$2:$F$195) -> 0.67228471 | M12: =_xlfn.XLOOKUP($A12,contact_features_all_40_500ns!$A$2:$A$195,contact_features_all_40_500ns!$H$2:$H$195) -> 1.6677264 | N12: =_xlfn.XLOOKUP($A12,contact_features_all_40_500ns!$A$2:$A$195,contact_features_all_40_500ns!$I$2:$I$195) -> 0.92824193 | O12: =_xlfn.XLOOKUP($A12,contact_features_all_40_500ns!$A$2:$A$195,contact_features_all_40_500ns!$K$2:$K$195) -> 0.0070106791 | P12: =_xlfn.XLOOKUP($A12,contact_features_all_40_500ns!$A$2:$A$195,contact_features_all_40_500ns!$L$2:$L$195) -> 0.08343578 | Q12: =_xlfn.XLOOKUP($A12,rmsf_single_residues_per_seq_50!$A$2:$A$195,rmsf_single_residues_per_seq_50!$E$2:$E$195) -> 2.396 | R12: =_xlfn.XLOOKUP($A12,rmsf_single_residues_per_seq_50!$A$2:$A$195,rmsf_single_residues_per_seq_50!$G$2:$G$195) -> 1.353 | S12: =_xlfn.XLOOKUP($A12,rmsf_single_residues_per_seq_50!$A$2:$A$195,rmsf_single_residues_per_seq_50!$H$2:$H$195) -> 0.83 | T12: =_xlfn.XLOOKUP($A12,rmsf_single_residues_per_seq_50!$A$2:$A$195,rmsf_single_residues_per_seq_50!$I$2:$I$195) -> 2.313 | U12: =_xlfn.XLOOKUP($A12,dw_scores_all_sequences_40_500n!$A$2:$A$195,dw_scores_all_sequences_40_500n!C$2:C$195) -> 0 | V12: =_xlfn.XLOOKUP($A12,dw_scores_all_sequences_40_500n!$A$2:$A$195,dw_scores_all_sequences_40_500n!D$2:D$195) -> 0 | W12: =_xlfn.XLOOKUP($A12,dw_scores_all_sequences_40_500n!$A$2:$A$195,dw_scores_all_sequences_40_500n!E$2:E$195) -> 0 | X12: =_xlfn.XLOOKUP($A12,dw_scores_all_sequences_40_500n!$A$2:$A$195,dw_scores_all_sequences_40_500n!F$2:F$195) -> 0 | Y12: =_xlfn.XLOOKUP($A12,dw_scores_all_sequences_40_500n!$A$2:$A$195,dw_scores_all_sequences_40_500n!G$2:G$195) -> 0 | Z12: =_xlfn.XLOOKUP($A12,dw_scores_all_sequences_40_500n!$A$2:$A$195,dw_scores_all_sequences_40_500n!H$2:H$195) -> 0 | AA12: =_xlfn.XLOOKUP($A12,dw_scores_all_sequences_40_500n!$A$2:$A$195,dw_scores_all_sequences_40_500n!I$2:I$195) -> 0 | AB12: =_xlfn.XLOOKUP($A12,dw_scores_all_sequences_40_500n!$A$2:$A$195,dw_scores_all_sequences_40_500n!J$2:J$195) -> 0 | ... IH12: =_xlfn.XLOOKUP($A12,dw_scores_all_sequences_40_500n!$A$2:$A$195,dw_scores_all_sequences_40_500n!HP$2:HP$195) -> 0
A13: pair_3059_nb | B13: 3059 | C13: nonbinder | D13: =IF(C13="Binder", 1,0) -> 0 | F13: MASELTPEERSELKNSIAEFHTYQLDPGSCSSLHAQRIHAPPELVWSIVRRFDKPQTYVHFIKSCSVEQNFEMRVGCTRDLIAISGLPANTATERLDILDDERRVTGASVIGGEHRLTNLKWVTTVHRFEKENRIWTVVLRSYVVDMPEGNSEDDTRMHVDTLFKLGLQKLATVAEAMARN | G13: =_xlfn.XLOOKUP(A13,rmsf_ca_per_seq_summary_500ns!$A$2:$A$195,rmsf_ca_per_seq_summary_500ns!$C$2:$C$195) -> 0.396 | H13: =_xlfn.XLOOKUP(A13,rmsf_ca_per_seq_summary_500ns!$A$2:$A$195,rmsf_ca_per_seq_summary_500ns!$D$2:$D$195) -> 0.08626 | I13: =_xlfn.XLOOKUP($A13,gate_latch_rmsd_to_ref_500ns!$A$2:$A$195,gate_latch_rmsd_to_ref_500ns!$I$2:$I$195) -> 1.7708 | J13: =_xlfn.XLOOKUP($A13,gate_latch_rmsd_to_ref_500ns!$A$2:$A$195,gate_latch_rmsd_to_ref_500ns!$M$2:$M$195) -> 5.3601 | K13: =_xlfn.XLOOKUP($A13,contact_features_all_40_500ns!$A$2:$A$195,contact_features_all_40_500ns!$E$2:$E$195) -> 1.6560691 | L13: =_xlfn.XLOOKUP($A13,contact_features_all_40_500ns!$A$2:$A$195,contact_features_all_40_500ns!$F$2:$F$195) -> 0.80897165 | M13: =_xlfn.XLOOKUP($A13,contact_features_all_40_500ns!$A$2:$A$195,contact_features_all_40_500ns!$H$2:$H$195) -> 2.985245 | N13: =_xlfn.XLOOKUP($A13,contact_features_all_40_500ns!$A$2:$A$195,contact_features_all_40_500ns!$I$2:$I$195) -> 0.94213132 | O13: =_xlfn.XLOOKUP($A13,contact_features_all_40_500ns!$A$2:$A$195,contact_features_all_40_500ns!$K$2:$K$195) -> 0.16801174 | P13: =_xlfn.XLOOKUP($A13,contact_features_all_40_500ns!$A$2:$A$195,contact_features_all_40_500ns!$L$2:$L$195) -> 0.37453025 | Q13: =_xlfn.XLOOKUP($A13,rmsf_single_residues_per_seq_50!$A$2:$A$195,rmsf_single_residues_per_seq_50!$E$2:$E$195) -> 1.081 | R13: =_xlfn.XLOOKUP($A13,rmsf_single_residues_per_seq_50!$A$2:$A$195,rmsf_single_residues_per_seq_50!$G$2:$G$195) -> 0.638 | S13: =_xlfn.XLOOKUP($A13,rmsf_single_residues_per_seq_50!$A$2:$A$195,rmsf_single_residues_per_seq_50!$H$2:$H$195) -> 1.086 | T13: =_xlfn.XLOOKUP($A13,rmsf_single_residues_per_seq_50!$A$2:$A$195,rmsf_single_residues_per_seq_50!$I$2:$I$195) -> 1.538 | U13: =_xlfn.XLOOKUP($A13,dw_scores_all_sequences_40_500n!$A$2:$A$195,dw_scores_all_sequences_40_500n!C$2:C$195) -> 0 | V13: =_xlfn.XLOOKUP($A13,dw_scores_all_sequences_40_500n!$A$2:$A$195,dw_scores_all_sequences_40_500n!D$2:D$195) -> 0 | W13: =_xlfn.XLOOKUP($A13,dw_scores_all_sequences_40_500n!$A$2:$A$195,dw_scores_all_sequences_40_500n!E$2:E$195) -> 0 | X13: =_xlfn.XLOOKUP($A13,dw_scores_all_sequences_40_500n!$A$2:$A$195,dw_scores_all_sequences_40_500n!F$2:F$195) -> 0 | Y13: =_xlfn.XLOOKUP($A13,dw_scores_all_sequences_40_500n!$A$2:$A$195,dw_scores_all_sequences_40_500n!G$2:G$195) -> 0 | Z13: =_xlfn.XLOOKUP($A13,dw_scores_all_sequences_40_500n!$A$2:$A$195,dw_scores_all_sequences_40_500n!H$2:H$195) -> 0 | AA13: =_xlfn.XLOOKUP($A13,dw_scores_all_sequences_40_500n!$A$2:$A$195,dw_scores_all_sequences_40_500n!I$2:I$195) -> 0 | AB13: =_xlfn.XLOOKUP($A13,dw_scores_all_sequences_40_500n!$A$2:$A$195,dw_scores_all_sequences_40_500n!J$2:J$195) -> 0 | ... IH13: =_xlfn.XLOOKUP($A13,dw_scores_all_sequences_40_500n!$A$2:$A$195,dw_scores_all_sequences_40_500n!HP$2:HP$195) -> 0
A14: pair_3061_binder | B14: 3061 | C14: binder | D14: =IF(C14="Binder", 1,0) -> 1 | E14: 1.5 | F14: MASELTPEERSELKNSIAEFHTYQLDPGSCSSLHAQRIHAPPELVWSIVRRFDKPQTYVHFIKSCSVEQNFEMRVGCTRDDILISGLPANTMTVRLDILDDERRVTGASVIGGEHRVTNLKTVTTVHRFEKENRIWTVVLQSYVVDMPEGNSEDDTRMYVDTFVKLALQKLATVAEAMARN | G14: =_xlfn.XLOOKUP(A14,rmsf_ca_per_seq_summary_500ns!$A$2:$A$195,rmsf_ca_per_seq_summary_500ns!$C$2:$C$195) -> 0.34843 | H14: =_xlfn.XLOOKUP(A14,rmsf_ca_per_seq_summary_500ns!$A$2:$A$195,rmsf_ca_per_seq_summary_500ns!$D$2:$D$195) -> 0.05943 | I14: =_xlfn.XLOOKUP($A14,gate_latch_rmsd_to_ref_500ns!$A$2:$A$195,gate_latch_rmsd_to_ref_500ns!$I$2:$I$195) -> 1.1622 | J14: =_xlfn.XLOOKUP($A14,gate_latch_rmsd_to_ref_500ns!$A$2:$A$195,gate_latch_rmsd_to_ref_500ns!$M$2:$M$195) -> 2.3512 | K14: =_xlfn.XLOOKUP($A14,contact_features_all_40_500ns!$A$2:$A$195,contact_features_all_40_500ns!$E$2:$E$195) -> 3.9519035 | L14: =_xlfn.XLOOKUP($A14,contact_features_all_40_500ns!$A$2:$A$195,contact_features_all_40_500ns!$F$2:$F$195) -> 0.90565927 | M14: =_xlfn.XLOOKUP($A14,contact_features_all_40_500ns!$A$2:$A$195,contact_features_all_40_500ns!$H$2:$H$195) -> 1.3526535 | N14: =_xlfn.XLOOKUP($A14,contact_features_all_40_500ns!$A$2:$A$195,contact_features_all_40_500ns!$I$2:$I$195) -> 0.5082206 | O14: =_xlfn.XLOOKUP($A14,contact_features_all_40_500ns!$A$2:$A$195,contact_features_all_40_500ns!$K$2:$K$195) -> 0.0070921986 | P14: =_xlfn.XLOOKUP($A14,contact_features_all_40_500ns!$A$2:$A$195,contact_features_all_40_500ns!$L$2:$L$195) -> 0.083916025 | Q14: =_xlfn.XLOOKUP($A14,rmsf_single_residues_per_seq_50!$A$2:$A$195,rmsf_single_residues_per_seq_50!$E$2:$E$195) -> 1 | R14: =_xlfn.XLOOKUP($A14,rmsf_single_residues_per_seq_50!$A$2:$A$195,rmsf_single_residues_per_seq_50!$G$2:$G$195) -> 0.79 | S14: =_xlfn.XLOOKUP($A14,rmsf_single_residues_per_seq_50!$A$2:$A$195,rmsf_single_residues_per_seq_50!$H$2:$H$195) -> 0.694 | T14: =_xlfn.XLOOKUP($A14,rmsf_single_residues_per_seq_50!$A$2:$A$195,rmsf_single_residues_per_seq_50!$I$2:$I$195) -> 1.088 | U14: =_xlfn.XLOOKUP($A14,dw_scores_all_sequences_40_500n!$A$2:$A$195,dw_scores_all_sequences_40_500n!C$2:C$195) -> 0 | V14: =_xlfn.XLOOKUP($A14,dw_scores_all_sequences_40_500n!$A$2:$A$195,dw_scores_all_sequences_40_500n!D$2:D$195) -> 0 | W14: =_xlfn.XLOOKUP($A14,dw_scores_all_sequences_40_500n!$A$2:$A$195,dw_scores_all_sequences_40_500n!E$2:E$195) -> 0 | X14: =_xlfn.XLOOKUP($A14,dw_scores_all_sequences_40_500n!$A$2:$A$195,dw_scores_all_sequences_40_500n!F$2:F$195) -> 0 | Y14: =_xlfn.XLOOKUP($A14,dw_scores_all_sequences_40_500n!$A$2:$A$195,dw_scores_all_sequences_40_500n!G$2:G$195) -> 0 | Z14: =_xlfn.XLOOKUP($A14,dw_scores_all_sequences_40_500n!$A$2:$A$195,dw_scores_all_sequences_40_500n!H$2:H$195) -> 0 | AA14: =_xlfn.XLOOKUP($A14,dw_scores_all_sequences_40_500n!$A$2:$A$195,dw_scores_all_sequences_40_500n!I$2:I$195) -> 0 | AB14: =_xlfn.XLOOKUP($A14,dw_scores_all_sequences_40_500n!$A$2:$A$195,dw_scores_all_sequences_40_500n!J$2:J$195) -> 0 | ... IH14: =_xlfn.XLOOKUP($A14,dw_scores_all_sequences_40_500n!$A$2:$A$195,dw_scores_all_sequences_40_500n!HP$2:HP$195) -> 0
A15: pair_3062_binder | B15: 3062 | C15: binder | D15: =IF(C15="Binder", 1,0) -> 1 | E15: 0.8794 | F15: MASELTPEERSELKNSIAEFHTYQLDPGSCSSLHAQRIHAPPELVWSIVRRFDKPQTYVHFIKSCSVEQNFEMRVGCTRDDILISGLPANTMTVRLDILDDERRVTGASVIGGEHRVTNLKTVTTVHRFEKENRIWTVVLKSYVVDMPEGNSEDDTRMIVDTGVKLLLQKLATVAEAMARN | G15: =_xlfn.XLOOKUP(A15,rmsf_ca_per_seq_summary_500ns!$A$2:$A$195,rmsf_ca_per_seq_summary_500ns!$C$2:$C$195) -> 0.28986 | H15: =_xlfn.XLOOKUP(A15,rmsf_ca_per_seq_summary_500ns!$A$2:$A$195,rmsf_ca_per_seq_summary_500ns!$D$2:$D$195) -> 0.03864 | I15: =_xlfn.XLOOKUP($A15,gate_latch_rmsd_to_ref_500ns!$A$2:$A$195,gate_latch_rmsd_to_ref_500ns!$I$2:$I$195) -> 1.1222 | J15: =_xlfn.XLOOKUP($A15,gate_latch_rmsd_to_ref_500ns!$A$2:$A$195,gate_latch_rmsd_to_ref_500ns!$M$2:$M$195) -> 1.3849 | K15: =_xlfn.XLOOKUP($A15,contact_features_all_40_500ns!$A$2:$A$195,contact_features_all_40_500ns!$E$2:$E$195) -> 1.1824407 | L15: =_xlfn.XLOOKUP($A15,contact_features_all_40_500ns!$A$2:$A$195,contact_features_all_40_500ns!$F$2:$F$195) -> 0.53152801 | M15: =_xlfn.XLOOKUP($A15,contact_features_all_40_500ns!$A$2:$A$195,contact_features_all_40_500ns!$H$2:$H$195) -> 2.2677916 | N15: =_xlfn.XLOOKUP($A15,contact_features_all_40_500ns!$A$2:$A$195,contact_features_all_40_500ns!$I$2:$I$195) -> 0.96042607 | O15: =_xlfn.XLOOKUP($A15,contact_features_all_40_500ns!$A$2:$A$195,contact_features_all_40_500ns!$K$2:$K$195) -> 0.79603815 | P15: =_xlfn.XLOOKUP($A15,contact_features_all_40_500ns!$A$2:$A$195,contact_features_all_40_500ns!$L$2:$L$195) -> 0.40475766 | Q15: =_xlfn.XLOOKUP($A15,rmsf_single_residues_per_seq_50!$A$2:$A$195,rmsf_single_residues_per_seq_50!$E$2:$E$195) -> 1.786 | R15: =_xlfn.XLOOKUP($A15,rmsf_single_residues_per_seq_50!$A$2:$A$195,rmsf_single_residues_per_seq_50!$G$2:$G$195) -> 0.679 | S15: =_xlfn.XLOOKUP($A15,rmsf_single_residues_per_seq_50!$A$2:$A$195,rmsf_single_residues_per_seq_50!$H$2:$H$195) -> 0.609 | T15: =_xlfn.XLOOKUP($A15,rmsf_single_residues_per_seq_50!$A$2:$A$195,rmsf_single_residues_per_seq_50!$I$2:$I$195) -> 0.916 | U15: =_xlfn.XLOOKUP($A15,dw_scores_all_sequences_40_500n!$A$2:$A$195,dw_scores_all_sequences_40_500n!C$2:C$195) -> 0 | V15: =_xlfn.XLOOKUP($A15,dw_scores_all_sequences_40_500n!$A$2:$A$195,dw_scores_all_sequences_40_500n!D$2:D$195) -> 0 | W15: =_xlfn.XLOOKUP($A15,dw_scores_all_sequences_40_500n!$A$2:$A$195,dw_scores_all_sequences_40_500n!E$2:E$195) -> 0 | X15: =_xlfn.XLOOKUP($A15,dw_scores_all_sequences_40_500n!$A$2:$A$195,dw_scores_all_sequences_40_500n!F$2:F$195) -> 0 | Y15: =_xlfn.XLOOKUP($A15,dw_scores_all_sequences_40_500n!$A$2:$A$195,dw_scores_all_sequences_40_500n!G$2:G$195) -> 0 | Z15: =_xlfn.XLOOKUP($A15,dw_scores_all_sequences_40_500n!$A$2:$A$195,dw_scores_all_sequences_40_500n!H$2:H$195) -> 0 | AA15: =_xlfn.XLOOKUP($A15,dw_scores_all_sequences_40_500n!$A$2:$A$195,dw_scores_all_sequences_40_500n!I$2:I$195) -> 0 | AB15: =_xlfn.XLOOKUP($A15,dw_scores_all_sequences_40_500n!$A$2:$A$195,dw_scores_all_sequences_40_500n!J$2:J$195) -> 0 | ... IH15: =_xlfn.XLOOKUP($A15,dw_scores_all_sequences_40_500n!$A$2:$A$195,dw_scores_all_sequences_40_500n!HP$2:HP$195) -> 0
A16: pair_3063_binder | B16: 3063 | C16: binder | D16: =IF(C16="Binder", 1,0) -> 1 | E16: 0.8421 | F16: MASELTPEERSELKNSIAEFHTYQLDPGSCSSLHAQRIHAPPELVWSIVRRFDKPQTYAHFIKSCSVEQNFEMRVGCTRDDILISGLPANTMTVRLDILDDERRVTGASVIGGEHRVTNLKTVTTVHRFEKENRIWTVVLKSYVVDMPEGNSEDDTRMIMDTGIKLILQKLATVAEAMARN | G16: =_xlfn.XLOOKUP(A16,rmsf_ca_per_seq_summary_500ns!$A$2:$A$195,rmsf_ca_per_seq_summary_500ns!$C$2:$C$195) -> 0.35171 | H16: =_xlfn.XLOOKUP(A16,rmsf_ca_per_seq_summary_500ns!$A$2:$A$195,rmsf_ca_per_seq_summary_500ns!$D$2:$D$195) -> 0.06673 | I16: =_xlfn.XLOOKUP($A16,gate_latch_rmsd_to_ref_500ns!$A$2:$A$195,gate_latch_rmsd_to_ref_500ns!$I$2:$I$195) -> 3.8774 | J16: =_xlfn.XLOOKUP($A16,gate_latch_rmsd_to_ref_500ns!$A$2:$A$195,gate_latch_rmsd_to_ref_500ns!$M$2:$M$195) -> 3.7496 | K16: =_xlfn.XLOOKUP($A16,contact_features_all_40_500ns!$A$2:$A$195,contact_features_all_40_500ns!$E$2:$E$195) -> 2.254667 | L16: =_xlfn.XLOOKUP($A16,contact_features_all_40_500ns!$A$2:$A$195,contact_features_all_40_500ns!$F$2:$F$195) -> 1.1877071 | M16: =_xlfn.XLOOKUP($A16,contact_features_all_40_500ns!$A$2:$A$195,contact_features_all_40_500ns!$H$2:$H$195) -> 2.2905356 | N16: =_xlfn.XLOOKUP($A16,contact_features_all_40_500ns!$A$2:$A$195,contact_features_all_40_500ns!$I$2:$I$195) -> 0.74412627 | O16: =_xlfn.XLOOKUP($A16,contact_features_all_40_500ns!$A$2:$A$195,contact_features_all_40_500ns!$K$2:$K$195) -> 0.45414527 | P16: =_xlfn.XLOOKUP($A16,contact_features_all_40_500ns!$A$2:$A$195,contact_features_all_40_500ns!$L$2:$L$195) -> 0.49903769 | Q16: =_xlfn.XLOOKUP($A16,rmsf_single_residues_per_seq_50!$A$2:$A$195,rmsf_single_residues_per_seq_50!$E$2:$E$195) -> 1.65 | R16: =_xlfn.XLOOKUP($A16,rmsf_single_residues_per_seq_50!$A$2:$A$195,rmsf_single_residues_per_seq_50!$G$2:$G$195) -> 1.269 | S16: =_xlfn.XLOOKUP($A16,rmsf_single_residues_per_seq_50!$A$2:$A$195,rmsf_single_residues_per_seq_50!$H$2:$H$195) -> 0.991 | T16: =_xlfn.XLOOKUP($A16,rmsf_single_residues_per_seq_50!$A$2:$A$195,rmsf_single_residues_per_seq_50!$I$2:$I$195) -> 2.06 | U16: =_xlfn.XLOOKUP($A16,dw_scores_all_sequences_40_500n!$A$2:$A$195,dw_scores_all_sequences_40_500n!C$2:C$195) -> 0 | V16: =_xlfn.XLOOKUP($A16,dw_scores_all_sequences_40_500n!$A$2:$A$195,dw_scores_all_sequences_40_500n!D$2:D$195) -> 0 | W16: =_xlfn.XLOOKUP($A16,dw_scores_all_sequences_40_500n!$A$2:$A$195,dw_scores_all_sequences_40_500n!E$2:E$195) -> 0 | X16: =_xlfn.XLOOKUP($A16,dw_scores_all_sequences_40_500n!$A$2:$A$195,dw_scores_all_sequences_40_500n!F$2:F$195) -> 0 | Y16: =_xlfn.XLOOKUP($A16,dw_scores_all_sequences_40_500n!$A$2:$A$195,dw_scores_all_sequences_40_500n!G$2:G$195) -> 0 | Z16: =_xlfn.XLOOKUP($A16,dw_scores_all_sequences_40_500n!$A$2:$A$195,dw_scores_all_sequences_40_500n!H$2:H$195) -> 0.0261 | AA16: =_xlfn.XLOOKUP($A16,dw_scores_all_sequences_40_500n!$A$2:$A$195,dw_scores_all_sequences_40_500n!I$2:I$195) -> 0 | AB16: =_xlfn.XLOOKUP($A16,dw_scores_all_sequences_40_500n!$A$2:$A$195,dw_scores_all_sequences_40_500n!J$2:J$195) -> 0.0057 | ... IH16: =_xlfn.XLOOKUP($A16,dw_scores_all_sequences_40_500n!$A$2:$A$195,dw_scores_all_sequences_40_500n!HP$2:HP$195) -> 0
A17: pair_3066_binder | B17: 3066 | C17: binder | D17: =IF(C17="Binder", 1,0) -> 1 | E17: 0.7959 | F17: MASELTPEERSELKNSIAEFHTYQLDPGSCSSLHAQRIHAPPELVWSIVRRFDKPQTYVHFIKSCSVEQNFEMRVGCTRDDILISGLPANTMTLRLDILDDERRVTGASVIGGEHRVTNLKTVTTVHRFEKENRIWTVVLKSYVVDMPEGNSEDDTRMIMDTGIKLILQKLATVAEAMARN | G17: =_xlfn.XLOOKUP(A17,rmsf_ca_per_seq_summary_500ns!$A$2:$A$195,rmsf_ca_per_seq_summary_500ns!$C$2:$C$195) -> 0.29957 | H17: =_xlfn.XLOOKUP(A17,rmsf_ca_per_seq_summary_500ns!$A$2:$A$195,rmsf_ca_per_seq_summary_500ns!$D$2:$D$195) -> 0.05251 | I17: =_xlfn.XLOOKUP($A17,gate_latch_rmsd_to_ref_500ns!$A$2:$A$195,gate_latch_rmsd_to_ref_500ns!$I$2:$I$195) -> 2.7046 | J17: =_xlfn.XLOOKUP($A17,gate_latch_rmsd_to_ref_500ns!$A$2:$A$195,gate_latch_rmsd_to_ref_500ns!$M$2:$M$195) -> 1.6654 | K17: =_xlfn.XLOOKUP($A17,contact_features_all_40_500ns!$A$2:$A$195,contact_features_all_40_500ns!$E$2:$E$195) -> 1.3596641 | L17: =_xlfn.XLOOKUP($A17,contact_features_all_40_500ns!$A$2:$A$195,contact_features_all_40_500ns!$F$2:$F$195) -> 0.8321788 | M17: =_xlfn.XLOOKUP($A17,contact_features_all_40_500ns!$A$2:$A$195,contact_features_all_40_500ns!$H$2:$H$195) -> 2.3459689 | N17: =_xlfn.XLOOKUP($A17,contact_features_all_40_500ns!$A$2:$A$195,contact_features_all_40_500ns!$I$2:$I$195) -> 0.68830784 | O17: =_xlfn.XLOOKUP($A17,contact_features_all_40_500ns!$A$2:$A$195,contact_features_all_40_500ns!$K$2:$K$195) -> 0.32004565 | P17: =_xlfn.XLOOKUP($A17,contact_features_all_40_500ns!$A$2:$A$195,contact_features_all_40_500ns!$L$2:$L$195) -> 0.48634243 | Q17: =_xlfn.XLOOKUP($A17,rmsf_single_residues_per_seq_50!$A$2:$A$195,rmsf_single_residues_per_seq_50!$E$2:$E$195) -> 3.406 | R17: =_xlfn.XLOOKUP($A17,rmsf_single_residues_per_seq_50!$A$2:$A$195,rmsf_single_residues_per_seq_50!$G$2:$G$195) -> 1.081 | S17: =_xlfn.XLOOKUP($A17,rmsf_single_residues_per_seq_50!$A$2:$A$195,rmsf_single_residues_per_seq_50!$H$2:$H$195) -> 0.877 | T17: =_xlfn.XLOOKUP($A17,rmsf_single_residues_per_seq_50!$A$2:$A$195,rmsf_single_residues_per_seq_50!$I$2:$I$195) -> 0.704 | U17: =_xlfn.XLOOKUP($A17,dw_scores_all_sequences_40_500n!$A$2:$A$195,dw_scores_all_sequences_40_500n!C$2:C$195) -> 0 | V17: =_xlfn.XLOOKUP($A17,dw_scores_all_sequences_40_500n!$A$2:$A$195,dw_scores_all_sequences_40_500n!D$2:D$195) -> 0 | W17: =_xlfn.XLOOKUP($A17,dw_scores_all_sequences_40_500n!$A$2:$A$195,dw_scores_all_sequences_40_500n!E$2:E$195) -> 0 | X17: =_xlfn.XLOOKUP($A17,dw_scores_all_sequences_40_500n!$A$2:$A$195,dw_scores_all_sequences_40_500n!F$2:F$195) -> 0 | Y17: =_xlfn.XLOOKUP($A17,dw_scores_all_sequences_40_500n!$A$2:$A$195,dw_scores_all_sequences_40_500n!G$2:G$195) -> 0 | Z17: =_xlfn.XLOOKUP($A17,dw_scores_all_sequences_40_500n!$A$2:$A$195,dw_scores_all_sequences_40_500n!H$2:H$195) -> 0 | AA17: =_xlfn.XLOOKUP($A17,dw_scores_all_sequences_40_500n!$A$2:$A$195,dw_scores_all_sequences_40_500n!I$2:I$195) -> 0 | AB17: =_xlfn.XLOOKUP($A17,dw_scores_all_sequences_40_500n!$A$2:$A$195,dw_scores_all_sequences_40_500n!J$2:J$195) -> 0 | ... IH17: =_xlfn.XLOOKUP($A17,dw_scores_all_sequences_40_500n!$A$2:$A$195,dw_scores_all_sequences_40_500n!HP$2:HP$195) -> 0
A18: pair_3067_binder | B18: 3067 | C18: binder | D18: =IF(C18="Binder", 1,0) -> 1 | E18: 0.7921 | F18: MASELTPEERSELKNSIAEFHTYQLDPGSCSSLHAQRIHAPPELVWSIVRRFDKPQTYVHFIKSCSVEQNFEMRVGCTRDDILISGLPANTMTVRLDILDDERRVTGASVIGGEHRVTNLKTVTTVHRFEKENRIWTVVLKSYVVDMPEGNSEDDTRMILDTGYKLILQKLATVAEAMARN | G18: =_xlfn.XLOOKUP(A18,rmsf_ca_per_seq_summary_500ns!$A$2:$A$195,rmsf_ca_per_seq_summary_500ns!$C$2:$C$195) -> 0.47586 | H18: =_xlfn.XLOOKUP(A18,rmsf_ca_per_seq_summary_500ns!$A$2:$A$195,rmsf_ca_per_seq_summary_500ns!$D$2:$D$195) -> 0.13031 | I18: =_xlfn.XLOOKUP($A18,gate_latch_rmsd_to_ref_500ns!$A$2:$A$195,gate_latch_rmsd_to_ref_500ns!$I$2:$I$195) -> 1.7478 | J18: =_xlfn.XLOOKUP($A18,gate_latch_rmsd_to_ref_500ns!$A$2:$A$195,gate_latch_rmsd_to_ref_500ns!$M$2:$M$195) -> 2.8025 | K18: =_xlfn.XLOOKUP($A18,contact_features_all_40_500ns!$A$2:$A$195,contact_features_all_40_500ns!$E$2:$E$195) -> 1.94367 | L18: =_xlfn.XLOOKUP($A18,contact_features_all_40_500ns!$A$2:$A$195,contact_features_all_40_500ns!$F$2:$F$195) -> 0.27917532 | M18: =_xlfn.XLOOKUP($A18,contact_features_all_40_500ns!$A$2:$A$195,contact_features_all_40_500ns!$H$2:$H$195) -> 2.0079074 | N18: =_xlfn.XLOOKUP($A18,contact_features_all_40_500ns!$A$2:$A$195,contact_features_all_40_500ns!$I$2:$I$195) -> 0.70830088 | O18: =_xlfn.XLOOKUP($A18,contact_features_all_40_500ns!$A$2:$A$195,contact_features_all_40_500ns!$K$2:$K$195) -> 2.0102715 | P18: =_xlfn.XLOOKUP($A18,contact_features_all_40_500ns!$A$2:$A$195,contact_features_all_40_500ns!$L$2:$L$195) -> 0.14123845 | Q18: =_xlfn.XLOOKUP($A18,rmsf_single_residues_per_seq_50!$A$2:$A$195,rmsf_single_residues_per_seq_50!$E$2:$E$195) -> 1.958 | R18: =_xlfn.XLOOKUP($A18,rmsf_single_residues_per_seq_50!$A$2:$A$195,rmsf_single_residues_per_seq_50!$G$2:$G$195) -> 0.994 | S18: =_xlfn.XLOOKUP($A18,rmsf_single_residues_per_seq_50!$A$2:$A$195,rmsf_single_residues_per_seq_50!$H$2:$H$195) -> 0.835 | T18: =_xlfn.XLOOKUP($A18,rmsf_single_residues_per_seq_50!$A$2:$A$195,rmsf_single_residues_per_seq_50!$I$2:$I$195) -> 0.782 | U18: =_xlfn.XLOOKUP($A18,dw_scores_all_sequences_40_500n!$A$2:$A$195,dw_scores_all_sequences_40_500n!C$2:C$195) -> 0 | V18: =_xlfn.XLOOKUP($A18,dw_scores_all_sequences_40_500n!$A$2:$A$195,dw_scores_all_sequences_40_500n!D$2:D$195) -> 0 | W18: =_xlfn.XLOOKUP($A18,dw_scores_all_sequences_40_500n!$A$2:$A$195,dw_scores_all_sequences_40_500n!E$2:E$195) -> 0 | X18: =_xlfn.XLOOKUP($A18,dw_scores_all_sequences_40_500n!$A$2:$A$195,dw_scores_all_sequences_40_500n!F$2:F$195) -> 0 | Y18: =_xlfn.XLOOKUP($A18,dw_scores_all_sequences_40_500n!$A$2:$A$195,dw_scores_all_sequences_40_500n!G$2:G$195) -> 0 | Z18: =_xlfn.XLOOKUP($A18,dw_scores_all_sequences_40_500n!$A$2:$A$195,dw_scores_all_sequences_40_500n!H$2:H$195) -> 0 | AA18: =_xlfn.XLOOKUP($A18,dw_scores_all_sequences_40_500n!$A$2:$A$195,dw_scores_all_sequences_40_500n!I$2:I$195) -> 0 | AB18: =_xlfn.XLOOKUP($A18,dw_scores_all_sequences_40_500n!$A$2:$A$195,dw_scores_all_sequences_40_500n!J$2:J$195) -> 0 | ... IH18: =_xlfn.XLOOKUP($A18,dw_scores_all_sequences_40_500n!$A$2:$A$195,dw_scores_all_sequences_40_500n!HP$2:HP$195) -> 0
A19: pair_3068_binder | B19: 3068 | C19: binder | D19: =IF(C19="Binder", 1,0) -> 1 | E19: 0.7813 | F19: MASELTPEERSELKNSIAEFHTYQLDPGSCSSLHAQRIHAPPELVWSIVRRFDKPQTYVHFIKSCSVEQNFEMRVGCTRDDILISGLPANTMTVRLDILDDERRVTGASVIGGEHRVTNLKTVTTVHRFEKENRIWTVVLKSYVVDMPEGNSEDDTRMILDTGVKLILQKLATVAEAMARN | G19: =_xlfn.XLOOKUP(A19,rmsf_ca_per_seq_summary_500ns!$A$2:$A$195,rmsf_ca_per_seq_summary_500ns!$C$2:$C$195) -> 0.37529 | H19: =_xlfn.XLOOKUP(A19,rmsf_ca_per_seq_summary_500ns!$A$2:$A$195,rmsf_ca_per_seq_summary_500ns!$D$2:$D$195) -> 0.08904 | I19: =_xlfn.XLOOKUP($A19,gate_latch_rmsd_to_ref_500ns!$A$2:$A$195,gate_latch_rmsd_to_ref_500ns!$I$2:$I$195) -> 1.76 | J19: =_xlfn.XLOOKUP($A19,gate_latch_rmsd_to_ref_500ns!$A$2:$A$195,gate_latch_rmsd_to_ref_500ns!$M$2:$M$195) -> 2.2167 | K19: =_xlfn.XLOOKUP($A19,contact_features_all_40_500ns!$A$2:$A$195,contact_features_all_40_500ns!$E$2:$E$195) -> 2.1124969 | L19: =_xlfn.XLOOKUP($A19,contact_features_all_40_500ns!$A$2:$A$195,contact_features_all_40_500ns!$F$2:$F$195) -> 0.83098246 | M19: =_xlfn.XLOOKUP($A19,contact_features_all_40_500ns!$A$2:$A$195,contact_features_all_40_500ns!$H$2:$H$195) -> 2.6226461 | N19: =_xlfn.XLOOKUP($A19,contact_features_all_40_500ns!$A$2:$A$195,contact_features_all_40_500ns!$I$2:$I$195) -> 0.78120024 | O19: =_xlfn.XLOOKUP($A19,contact_features_all_40_500ns!$A$2:$A$195,contact_features_all_40_500ns!$K$2:$K$195) -> 0.028776392 | P19: =_xlfn.XLOOKUP($A19,contact_features_all_40_500ns!$A$2:$A$195,contact_features_all_40_500ns!$L$2:$L$195) -> 0.16717748 | Q19: =_xlfn.XLOOKUP($A19,rmsf_single_residues_per_seq_50!$A$2:$A$195,rmsf_single_residues_per_seq_50!$E$2:$E$195) -> 1.601 | R19: =_xlfn.XLOOKUP($A19,rmsf_single_residues_per_seq_50!$A$2:$A$195,rmsf_single_residues_per_seq_50!$G$2:$G$195) -> 0.777 | S19: =_xlfn.XLOOKUP($A19,rmsf_single_residues_per_seq_50!$A$2:$A$195,rmsf_single_residues_per_seq_50!$H$2:$H$195) -> 0.955 | T19: =_xlfn.XLOOKUP($A19,rmsf_single_residues_per_seq_50!$A$2:$A$195,rmsf_single_residues_per_seq_50!$I$2:$I$195) -> 0.677 | U19: =_xlfn.XLOOKUP($A19,dw_scores_all_sequences_40_500n!$A$2:$A$195,dw_scores_all_sequences_40_500n!C$2:C$195) -> 0 | V19: =_xlfn.XLOOKUP($A19,dw_scores_all_sequences_40_500n!$A$2:$A$195,dw_scores_all_sequences_40_500n!D$2:D$195) -> 0 | W19: =_xlfn.XLOOKUP($A19,dw_scores_all_sequences_40_500n!$A$2:$A$195,dw_scores_all_sequences_40_500n!E$2:E$195) -> 0 | X19: =_xlfn.XLOOKUP($A19,dw_scores_all_sequences_40_500n!$A$2:$A$195,dw_scores_all_sequences_40_500n!F$2:F$195) -> 0 | Y19: =_xlfn.XLOOKUP($A19,dw_scores_all_sequences_40_500n!$A$2:$A$195,dw_scores_all_sequences_40_500n!G$2:G$195) -> 0 | Z19: =_xlfn.XLOOKUP($A19,dw_scores_all_sequences_40_500n!$A$2:$A$195,dw_scores_all_sequences_40_500n!H$2:H$195) -> 0 | AA19: =_xlfn.XLOOKUP($A19,dw_scores_all_sequences_40_500n!$A$2:$A$195,dw_scores_all_sequences_40_500n!I$2:I$195) -> 0 | AB19: =_xlfn.XLOOKUP($A19,dw_scores_all_sequences_40_500n!$A$2:$A$195,dw_scores_all_sequences_40_500n!J$2:J$195) -> 0 | ... IH19: =_xlfn.XLOOKUP($A19,dw_scores_all_sequences_40_500n!$A$2:$A$195,dw_scores_all_sequences_40_500n!HP$2:HP$195) -> 0
A20: pair_3071_binder | B20: 3071 | C20: binder | D20: =IF(C20="Binder", 1,0) -> 1 | E20: 0.7561 | F20: MASELTPEERSELKNSIAEFHTYQLDPGSCSSLHAQRIHAPPELVWSIVRRFDKPQTYVHFIKSCSVEQNFEMRVGCTRDDILISGLPANTMTLRLDILDDERRVTGASVIGGEHRVTNLKTVTTVHRFEKENRIWTVVLKSYVVDMPEGNSEDDTRMILDTGVKLILQKLATVAEAMARN | G20: =_xlfn.XLOOKUP(A20,rmsf_ca_per_seq_summary_500ns!$A$2:$A$195,rmsf_ca_per_seq_summary_500ns!$C$2:$C$195) -> 0.34414 | H20: =_xlfn.XLOOKUP(A20,rmsf_ca_per_seq_summary_500ns!$A$2:$A$195,rmsf_ca_per_seq_summary_500ns!$D$2:$D$195) -> 0.05848 | I20: =_xlfn.XLOOKUP($A20,gate_latch_rmsd_to_ref_500ns!$A$2:$A$195,gate_latch_rmsd_to_ref_500ns!$I$2:$I$195) -> 1.8145 | J20: =_xlfn.XLOOKUP($A20,gate_latch_rmsd_to_ref_500ns!$A$2:$A$195,gate_latch_rmsd_to_ref_500ns!$M$2:$M$195) -> 2.63 | K20: =_xlfn.XLOOKUP($A20,contact_features_all_40_500ns!$A$2:$A$195,contact_features_all_40_500ns!$E$2:$E$195) -> 1.4494171 | L20: =_xlfn.XLOOKUP($A20,contact_features_all_40_500ns!$A$2:$A$195,contact_features_all_40_500ns!$F$2:$F$195) -> 1.6162682 | M20: =_xlfn.XLOOKUP($A20,contact_features_all_40_500ns!$A$2:$A$195,contact_features_all_40_500ns!$H$2:$H$195) -> 1.6374012 | N20: =_xlfn.XLOOKUP($A20,contact_features_all_40_500ns!$A$2:$A$195,contact_features_all_40_500ns!$I$2:$I$195) -> 0.83149273 | O20: =_xlfn.XLOOKUP($A20,contact_features_all_40_500ns!$A$2:$A$195,contact_features_all_40_500ns!$K$2:$K$195) -> 0.61547241 | P20: =_xlfn.XLOOKUP($A20,contact_features_all_40_500ns!$A$2:$A$195,contact_features_all_40_500ns!$L$2:$L$195) -> 0.48665097 | Q20: =_xlfn.XLOOKUP($A20,rmsf_single_residues_per_seq_50!$A$2:$A$195,rmsf_single_residues_per_seq_50!$E$2:$E$195) -> 1.081 | R20: =_xlfn.XLOOKUP($A20,rmsf_single_residues_per_seq_50!$A$2:$A$195,rmsf_single_residues_per_seq_50!$G$2:$G$195) -> 0.662 | S20: =_xlfn.XLOOKUP($A20,rmsf_single_residues_per_seq_50!$A$2:$A$195,rmsf_single_residues_per_seq_50!$H$2:$H$195) -> 0.717 | T20: =_xlfn.XLOOKUP($A20,rmsf_single_residues_per_seq_50!$A$2:$A$195,rmsf_single_residues_per_seq_50!$I$2:$I$195) -> 0.816 | U20: =_xlfn.XLOOKUP($A20,dw_scores_all_sequences_40_500n!$A$2:$A$195,dw_scores_all_sequences_40_500n!C$2:C$195) -> 0 | V20: =_xlfn.XLOOKUP($A20,dw_scores_all_sequences_40_500n!$A$2:$A$195,dw_scores_all_sequences_40_500n!D$2:D$195) -> 0 | W20: =_xlfn.XLOOKUP($A20,dw_scores_all_sequences_40_500n!$A$2:$A$195,dw_scores_all_sequences_40_500n!E$2:E$195) -> 0 | X20: =_xlfn.XLOOKUP($A20,dw_scores_all_sequences_40_500n!$A$2:$A$195,dw_scores_all_sequences_40_500n!F$2:F$195) -> 0 | Y20: =_xlfn.XLOOKUP($A20,dw_scores_all_sequences_40_500n!$A$2:$A$195,dw_scores_all_sequences_40_500n!G$2:G$195) -> 0 | Z20: =_xlfn.XLOOKUP($A20,dw_scores_all_sequences_40_500n!$A$2:$A$195,dw_scores_all_sequences_40_500n!H$2:H$195) -> 0 | AA20: =_xlfn.XLOOKUP($A20,dw_scores_all_sequences_40_500n!$A$2:$A$195,dw_scores_all_sequences_40_500n!I$2:I$195) -> 0 | AB20: =_xlfn.XLOOKUP($A20,dw_scores_all_sequences_40_500n!$A$2:$A$195,dw_scores_all_sequences_40_500n!J$2:J$195) -> 0 | ... IH20: =_xlfn.XLOOKUP($A20,dw_scores_all_sequences_40_500n!$A$2:$A$195,dw_scores_all_sequences_40_500n!HP$2:HP$195) -> 0
A21: pair_3072_binder | B21: 3072 | C21: binder | D21: =IF(C21="Binder", 1,0) -> 1 | E21: 1.4118 | F21: MASELTPEERSELKNSIAEFHTYQLDPGSCSSLHAQRIHAPPELVWSIVRRFDKPQTYAHFIKSCSVEQNFEMRVGCTRDDILISGLPANTMTVRLDILDDERRVTGASVIGGEHRVTNLKTVTTVHRFEKENRIWTVVLKSYVVDMPEGNSEDDTRMILDTGYKLILQKLATVAEAMARN | G21: =_xlfn.XLOOKUP(A21,rmsf_ca_per_seq_summary_500ns!$A$2:$A$195,rmsf_ca_per_seq_summary_500ns!$C$2:$C$195) -> 0.31814 | H21: =_xlfn.XLOOKUP(A21,rmsf_ca_per_seq_summary_500ns!$A$2:$A$195,rmsf_ca_per_seq_summary_500ns!$D$2:$D$195) -> 0.05125 | I21: =_xlfn.XLOOKUP($A21,gate_latch_rmsd_to_ref_500ns!$A$2:$A$195,gate_latch_rmsd_to_ref_500ns!$I$2:$I$195) -> 1.9757 | J21: =_xlfn.XLOOKUP($A21,gate_latch_rmsd_to_ref_500ns!$A$2:$A$195,gate_latch_rmsd_to_ref_500ns!$M$2:$M$195) -> 1.8211 | K21: =_xlfn.XLOOKUP($A21,contact_features_all_40_500ns!$A$2:$A$195,contact_features_all_40_500ns!$E$2:$E$195) -> 1.958262 | L21: =_xlfn.XLOOKUP($A21,contact_features_all_40_500ns!$A$2:$A$195,contact_features_all_40_500ns!$F$2:$F$195) -> 0.39424305 | M21: =_xlfn.XLOOKUP($A21,contact_features_all_40_500ns!$A$2:$A$195,contact_features_all_40_500ns!$H$2:$H$195) -> 2.0870629 | N21: =_xlfn.XLOOKUP($A21,contact_features_all_40_500ns!$A$2:$A$195,contact_features_all_40_500ns!$I$2:$I$195) -> 0.56824309 | O21: =_xlfn.XLOOKUP($A21,contact_features_all_40_500ns!$A$2:$A$195,contact_features_all_40_500ns!$K$2:$K$195) -> 0.40653787 | P21: =_xlfn.XLOOKUP($A21,contact_features_all_40_500ns!$A$2:$A$195,contact_features_all_40_500ns!$L$2:$L$195) -> 0.51007584 | Q21: =_xlfn.XLOOKUP($A21,rmsf_single_residues_per_seq_50!$A$2:$A$195,rmsf_single_residues_per_seq_50!$E$2:$E$195) -> 3.258 | R21: =_xlfn.XLOOKUP($A21,rmsf_single_residues_per_seq_50!$A$2:$A$195,rmsf_single_residues_per_seq_50!$G$2:$G$195) -> 0.582 | S21: =_xlfn.XLOOKUP($A21,rmsf_single_residues_per_seq_50!$A$2:$A$195,rmsf_single_residues_per_seq_50!$H$2:$H$195) -> 0.66 | T21: =_xlfn.XLOOKUP($A21,rmsf_single_residues_per_seq_50!$A$2:$A$195,rmsf_single_residues_per_seq_50!$I$2:$I$195) -> 0.589 | U21: =_xlfn.XLOOKUP($A21,dw_scores_all_sequences_40_500n!$A$2:$A$195,dw_scores_all_sequences_40_500n!C$2:C$195) -> 0 | V21: =_xlfn.XLOOKUP($A21,dw_scores_all_sequences_40_500n!$A$2:$A$195,dw_scores_all_sequences_40_500n!D$2:D$195) -> 0 | W21: =_xlfn.XLOOKUP($A21,dw_scores_all_sequences_40_500n!$A$2:$A$195,dw_scores_all_sequences_40_500n!E$2:E$195) -> 0 | X21: =_xlfn.XLOOKUP($A21,dw_scores_all_sequences_40_500n!$A$2:$A$195,dw_scores_all_sequences_40_500n!F$2:F$195) -> 0 | Y21: =_xlfn.XLOOKUP($A21,dw_scores_all_sequences_40_500n!$A$2:$A$195,dw_scores_all_sequences_40_500n!G$2:G$195) -> 0 | Z21: =_xlfn.XLOOKUP($A21,dw_scores_all_sequences_40_500n!$A$2:$A$195,dw_scores_all_sequences_40_500n!H$2:H$195) -> 0 | AA21: =_xlfn.XLOOKUP($A21,dw_scores_all_sequences_40_500n!$A$2:$A$195,dw_scores_all_sequences_40_500n!I$2:I$195) -> 0 | AB21: =_xlfn.XLOOKUP($A21,dw_scores_all_sequences_40_500n!$A$2:$A$195,dw_scores_all_sequences_40_500n!J$2:J$195) -> 0 | ... IH21: =_xlfn.XLOOKUP($A21,dw_scores_all_sequences_40_500n!$A$2:$A$195,dw_scores_all_sequences_40_500n!HP$2:HP$195) -> 0
A22: pair_3073_binder | B22: 3073 | C22: binder | D22: =IF(C22="Binder", 1,0) -> 1 | E22: 0.6316 | F22: MASELTPEERSELKNSIAEFHTYQLDPGSCSSLHAQRIHAPPELVWSIVRRFDKPQTYLHFIKSCSVEQNFEMRVGCTRDDILISGLPANTMTVRLDILDDERRVTGVSIIGGEHRLTNYKSVTTVHRFEKENRIWTVVLKSYVVDMPEGNSEDDTRMILDTGVKLILQKLATVAEAMARN | G22: =_xlfn.XLOOKUP(A22,rmsf_ca_per_seq_summary_500ns!$A$2:$A$195,rmsf_ca_per_seq_summary_500ns!$C$2:$C$195) -> 0.30314 | H22: =_xlfn.XLOOKUP(A22,rmsf_ca_per_seq_summary_500ns!$A$2:$A$195,rmsf_ca_per_seq_summary_500ns!$D$2:$D$195) -> 0.05323 | I22: =_xlfn.XLOOKUP($A22,gate_latch_rmsd_to_ref_500ns!$A$2:$A$195,gate_latch_rmsd_to_ref_500ns!$I$2:$I$195) -> 1.717 | J22: =_xlfn.XLOOKUP($A22,gate_latch_rmsd_to_ref_500ns!$A$2:$A$195,gate_latch_rmsd_to_ref_500ns!$M$2:$M$195) -> 2.143 | K22: =_xlfn.XLOOKUP($A22,contact_features_all_40_500ns!$A$2:$A$195,contact_features_all_40_500ns!$E$2:$E$195) -> 2.0099454 | L22: =_xlfn.XLOOKUP($A22,contact_features_all_40_500ns!$A$2:$A$195,contact_features_all_40_500ns!$F$2:$F$195) -> 0.22204036 | M22: =_xlfn.XLOOKUP($A22,contact_features_all_40_500ns!$A$2:$A$195,contact_features_all_40_500ns!$H$2:$H$195) -> 2.7333496 | N22: =_xlfn.XLOOKUP($A22,contact_features_all_40_500ns!$A$2:$A$195,contact_features_all_40_500ns!$I$2:$I$195) -> 0.48477149 | O22: =_xlfn.XLOOKUP($A22,contact_features_all_40_500ns!$A$2:$A$195,contact_features_all_40_500ns!$K$2:$K$195) -> 0.020298361 | P22: =_xlfn.XLOOKUP($A22,contact_features_all_40_500ns!$A$2:$A$195,contact_features_all_40_500ns!$L$2:$L$195) -> 0.14101893 | Q22: =_xlfn.XLOOKUP($A22,rmsf_single_residues_per_seq_50!$A$2:$A$195,rmsf_single_residues_per_seq_50!$E$2:$E$195) -> 1.054 | R22: =_xlfn.XLOOKUP($A22,rmsf_single_residues_per_seq_50!$A$2:$A$195,rmsf_single_residues_per_seq_50!$G$2:$G$195) -> 0.769 | S22: =_xlfn.XLOOKUP($A22,rmsf_single_residues_per_seq_50!$A$2:$A$195,rmsf_single_residues_per_seq_50!$H$2:$H$195) -> 0.88 | T22: =_xlfn.XLOOKUP($A22,rmsf_single_residues_per_seq_50!$A$2:$A$195,rmsf_single_residues_per_seq_50!$I$2:$I$195) -> 0.606 | U22: =_xlfn.XLOOKUP($A22,dw_scores_all_sequences_40_500n!$A$2:$A$195,dw_scores_all_sequences_40_500n!C$2:C$195) -> 0 | V22: =_xlfn.XLOOKUP($A22,dw_scores_all_sequences_40_500n!$A$2:$A$195,dw_scores_all_sequences_40_500n!D$2:D$195) -> 0 | W22: =_xlfn.XLOOKUP($A22,dw_scores_all_sequences_40_500n!$A$2:$A$195,dw_scores_all_sequences_40_500n!E$2:E$195) -> 0 | X22: =_xlfn.XLOOKUP($A22,dw_scores_all_sequences_40_500n!$A$2:$A$195,dw_scores_all_sequences_40_500n!F$2:F$195) -> 0 | Y22: =_xlfn.XLOOKUP($A22,dw_scores_all_sequences_40_500n!$A$2:$A$195,dw_scores_all_sequences_40_500n!G$2:G$195) -> 0 | Z22: =_xlfn.XLOOKUP($A22,dw_scores_all_sequences_40_500n!$A$2:$A$195,dw_scores_all_sequences_40_500n!H$2:H$195) -> 0 | AA22: =_xlfn.XLOOKUP($A22,dw_scores_all_sequences_40_500n!$A$2:$A$195,dw_scores_all_sequences_40_500n!I$2:I$195) -> 0 | AB22: =_xlfn.XLOOKUP($A22,dw_scores_all_sequences_40_500n!$A$2:$A$195,dw_scores_all_sequences_40_500n!J$2:J$195) -> 0 | ... IH22: =_xlfn.XLOOKUP($A22,dw_scores_all_sequences_40_500n!$A$2:$A$195,dw_scores_all_sequences_40_500n!HP$2:HP$195) -> 0
A23: pair_3075_binder | B23: 3075 | C23: binder | D23: =IF(C23="Binder", 1,0) -> 1 | E23: 0.6604 | F23: MASELTPEERSELKNSIAEFHTYQLDPGSCSSLHAQRIHAPPELVWSIVRRFDKPQTYAHFIKSCSVEQNFEMRVGCTRDDILISGLPANTMTLRLDILDDERRVTGASVIGGEHRVTNLKTVTTVHRFEKENRIWTVVLKSYVVDMPEGNSEDDTRMIMDTGIKLILQKLATVAEAMARN | G23: =_xlfn.XLOOKUP(A23,rmsf_ca_per_seq_summary_500ns!$A$2:$A$195,rmsf_ca_per_seq_summary_500ns!$C$2:$C$195) -> 0.30314 | H23: =_xlfn.XLOOKUP(A23,rmsf_ca_per_seq_summary_500ns!$A$2:$A$195,rmsf_ca_per_seq_summary_500ns!$D$2:$D$195) -> 0.04625 | I23: =_xlfn.XLOOKUP($A23,gate_latch_rmsd_to_ref_500ns!$A$2:$A$195,gate_latch_rmsd_to_ref_500ns!$I$2:$I$195) -> 1.4389 | J23: =_xlfn.XLOOKUP($A23,gate_latch_rmsd_to_ref_500ns!$A$2:$A$195,gate_latch_rmsd_to_ref_500ns!$M$2:$M$195) -> 1.418 | K23: =_xlfn.XLOOKUP($A23,contact_features_all_40_500ns!$A$2:$A$195,contact_features_all_40_500ns!$E$2:$E$195) -> 1.402788 | L23: =_xlfn.XLOOKUP($A23,contact_features_all_40_500ns!$A$2:$A$195,contact_features_all_40_500ns!$F$2:$F$195) -> 0.8176352 | M23: =_xlfn.XLOOKUP($A23,contact_features_all_40_500ns!$A$2:$A$195,contact_features_all_40_500ns!$H$2:$H$195) -> 2.4861009 | N23: =_xlfn.XLOOKUP($A23,contact_features_all_40_500ns!$A$2:$A$195,contact_features_all_40_500ns!$I$2:$I$195) -> 0.91143565 | O23: =_xlfn.XLOOKUP($A23,contact_features_all_40_500ns!$A$2:$A$195,contact_features_all_40_500ns!$K$2:$K$195) -> 0.32183908 | P23: =_xlfn.XLOOKUP($A23,contact_features_all_40_500ns!$A$2:$A$195,contact_features_all_40_500ns!$L$2:$L$195) -> 0.46892332 | Q23: =_xlfn.XLOOKUP($A23,rmsf_single_residues_per_seq_50!$A$2:$A$195,rmsf_single_residues_per_seq_50!$E$2:$E$195) -> 1.716 | R23: =_xlfn.XLOOKUP($A23,rmsf_single_residues_per_seq_50!$A$2:$A$195,rmsf_single_residues_per_seq_50!$G$2:$G$195) -> 0.823 | S23: =_xlfn.XLOOKUP($A23,rmsf_single_residues_per_seq_50!$A$2:$A$195,rmsf_single_residues_per_seq_50!$H$2:$H$195) -> 0.748 | T23: =_xlfn.XLOOKUP($A23,rmsf_single_residues_per_seq_50!$A$2:$A$195,rmsf_single_residues_per_seq_50!$I$2:$I$195) -> 0.642 | U23: =_xlfn.XLOOKUP($A23,dw_scores_all_sequences_40_500n!$A$2:$A$195,dw_scores_all_sequences_40_500n!C$2:C$195) -> 0 | V23: =_xlfn.XLOOKUP($A23,dw_scores_all_sequences_40_500n!$A$2:$A$195,dw_scores_all_sequences_40_500n!D$2:D$195) -> 0 | W23: =_xlfn.XLOOKUP($A23,dw_scores_all_sequences_40_500n!$A$2:$A$195,dw_scores_all_sequences_40_500n!E$2:E$195) -> 0 | X23: =_xlfn.XLOOKUP($A23,dw_scores_all_sequences_40_500n!$A$2:$A$195,dw_scores_all_sequences_40_500n!F$2:F$195) -> 0 | Y23: =_xlfn.XLOOKUP($A23,dw_scores_all_sequences_40_500n!$A$2:$A$195,dw_scores_all_sequences_40_500n!G$2:G$195) -> 0 | Z23: =_xlfn.XLOOKUP($A23,dw_scores_all_sequences_40_500n!$A$2:$A$195,dw_scores_all_sequences_40_500n!H$2:H$195) -> 0 | AA23: =_xlfn.XLOOKUP($A23,dw_scores_all_sequences_40_500n!$A$2:$A$195,dw_scores_all_sequences_40_500n!I$2:I$195) -> 0 | AB23: =_xlfn.XLOOKUP($A23,dw_scores_all_sequences_40_500n!$A$2:$A$195,dw_scores_all_sequences_40_500n!J$2:J$195) -> 0 | ... IH23: =_xlfn.XLOOKUP($A23,dw_scores_all_sequences_40_500n!$A$2:$A$195,dw_scores_all_sequences_40_500n!HP$2:HP$195) -> 0
A24: pair_3076_binder | B24: 3076 | C24: binder | D24: =IF(C24="Binder", 1,0) -> 1 | E24: 0.7143 | F24: MASELTPEERSELKNSIAEFHTYQLDPGSCSSLHAQRIHAPPELVWSIVRRFDKPQTYVHFIKSCSVEQNFEMRVGCTRDDILISGLPANTMTVRLDILDDERRVTGHSIIGGEHRLTNYKSVTTVHRFEKENRIWTVVLKSYVVDMPEGNSEDDTRMILDTGVKLILQKLATVAEAMARN | G24: =_xlfn.XLOOKUP(A24,rmsf_ca_per_seq_summary_500ns!$A$2:$A$195,rmsf_ca_per_seq_summary_500ns!$C$2:$C$195) -> 0.33586 | H24: =_xlfn.XLOOKUP(A24,rmsf_ca_per_seq_summary_500ns!$A$2:$A$195,rmsf_ca_per_seq_summary_500ns!$D$2:$D$195) -> 0.06593 | I24: =_xlfn.XLOOKUP($A24,gate_latch_rmsd_to_ref_500ns!$A$2:$A$195,gate_latch_rmsd_to_ref_500ns!$I$2:$I$195) -> 1.5011 | J24: =_xlfn.XLOOKUP($A24,gate_latch_rmsd_to_ref_500ns!$A$2:$A$195,gate_latch_rmsd_to_ref_500ns!$M$2:$M$195) -> 1.8277 | K24: =_xlfn.XLOOKUP($A24,contact_features_all_40_500ns!$A$2:$A$195,contact_features_all_40_500ns!$E$2:$E$195) -> 1.9748105 | L24: =_xlfn.XLOOKUP($A24,contact_features_all_40_500ns!$A$2:$A$195,contact_features_all_40_500ns!$F$2:$F$195) -> 0.54362296 | M24: =_xlfn.XLOOKUP($A24,contact_features_all_40_500ns!$A$2:$A$195,contact_features_all_40_500ns!$H$2:$H$195) -> 2.9029918 | N24: =_xlfn.XLOOKUP($A24,contact_features_all_40_500ns!$A$2:$A$195,contact_features_all_40_500ns!$I$2:$I$195) -> 0.63231117 | O24: =_xlfn.XLOOKUP($A24,contact_features_all_40_500ns!$A$2:$A$195,contact_features_all_40_500ns!$K$2:$K$195) -> 0.080948887 | P24: =_xlfn.XLOOKUP($A24,contact_features_all_40_500ns!$A$2:$A$195,contact_features_all_40_500ns!$L$2:$L$195) -> 0.30626428 | Q24: =_xlfn.XLOOKUP($A24,rmsf_single_residues_per_seq_50!$A$2:$A$195,rmsf_single_residues_per_seq_50!$E$2:$E$195) -> 3.993 | R24: =_xlfn.XLOOKUP($A24,rmsf_single_residues_per_seq_50!$A$2:$A$195,rmsf_single_residues_per_seq_50!$G$2:$G$195) -> 0.682 | S24: =_xlfn.XLOOKUP($A24,rmsf_single_residues_per_seq_50!$A$2:$A$195,rmsf_single_residues_per_seq_50!$H$2:$H$195) -> 0.759 | T24: =_xlfn.XLOOKUP($A24,rmsf_single_residues_per_seq_50!$A$2:$A$195,rmsf_single_residues_per_seq_50!$I$2:$I$195) -> 0.907 | U24: =_xlfn.XLOOKUP($A24,dw_scores_all_sequences_40_500n!$A$2:$A$195,dw_scores_all_sequences_40_500n!C$2:C$195) -> 0 | V24: =_xlfn.XLOOKUP($A24,dw_scores_all_sequences_40_500n!$A$2:$A$195,dw_scores_all_sequences_40_500n!D$2:D$195) -> 0 | W24: =_xlfn.XLOOKUP($A24,dw_scores_all_sequences_40_500n!$A$2:$A$195,dw_scores_all_sequences_40_500n!E$2:E$195) -> 0 | X24: =_xlfn.XLOOKUP($A24,dw_scores_all_sequences_40_500n!$A$2:$A$195,dw_scores_all_sequences_40_500n!F$2:F$195) -> 0 | Y24: =_xlfn.XLOOKUP($A24,dw_scores_all_sequences_40_500n!$A$2:$A$195,dw_scores_all_sequences_40_500n!G$2:G$195) -> 0 | Z24: =_xlfn.XLOOKUP($A24,dw_scores_all_sequences_40_500n!$A$2:$A$195,dw_scores_all_sequences_40_500n!H$2:H$195) -> 0 | AA24: =_xlfn.XLOOKUP($A24,dw_scores_all_sequences_40_500n!$A$2:$A$195,dw_scores_all_sequences_40_500n!I$2:I$195) -> 0 | AB24: =_xlfn.XLOOKUP($A24,dw_scores_all_sequences_40_500n!$A$2:$A$195,dw_scores_all_sequences_40_500n!J$2:J$195) -> 0 | ... IH24: =_xlfn.XLOOKUP($A24,dw_scores_all_sequences_40_500n!$A$2:$A$195,dw_scores_all_sequences_40_500n!HP$2:HP$195) -> 0
A25: pair_3077_binder | B25: 3077 | C25: binder | D25: =IF(C25="Binder", 1,0) -> 1 | E25: 0.7042 | F25: MASELTPEERSELKNSIAEFHTYQLDPGSCSSLHAQRIHAPPELVWSIVRRFDKPQTYVHFIKSCSVEQNFEMRVGCTRDDILISGLPANTMTLRLDILDDERRVTGASVIGGEHRVTNLKTVTTVHRFEKENRIWTVVLKSYVVDMPEGNSEDDTRMIVDTGVKLLLQKLATVAEAMARN | G25: =_xlfn.XLOOKUP(A25,rmsf_ca_per_seq_summary_500ns!$A$2:$A$195,rmsf_ca_per_seq_summary_500ns!$C$2:$C$195) -> 0.30529 | H25: =_xlfn.XLOOKUP(A25,rmsf_ca_per_seq_summary_500ns!$A$2:$A$195,rmsf_ca_per_seq_summary_500ns!$D$2:$D$195) -> 0.03823 | I25: =_xlfn.XLOOKUP($A25,gate_latch_rmsd_to_ref_500ns!$A$2:$A$195,gate_latch_rmsd_to_ref_500ns!$I$2:$I$195) -> 1.4572 | J25: =_xlfn.XLOOKUP($A25,gate_latch_rmsd_to_ref_500ns!$A$2:$A$195,gate_latch_rmsd_to_ref_500ns!$M$2:$M$195) -> 1.4287 | K25: =_xlfn.XLOOKUP($A25,contact_features_all_40_500ns!$A$2:$A$195,contact_features_all_40_500ns!$E$2:$E$195) -> 1.2170865 | L25: =_xlfn.XLOOKUP($A25,contact_features_all_40_500ns!$A$2:$A$195,contact_features_all_40_500ns!$F$2:$F$195) -> 0.48072819 | M25: =_xlfn.XLOOKUP($A25,contact_features_all_40_500ns!$A$2:$A$195,contact_features_all_40_500ns!$H$2:$H$195) -> 2.0333415 | N25: =_xlfn.XLOOKUP($A25,contact_features_all_40_500ns!$A$2:$A$195,contact_features_all_40_500ns!$I$2:$I$195) -> 0.87404181 | O25: =_xlfn.XLOOKUP($A25,contact_features_all_40_500ns!$A$2:$A$195,contact_features_all_40_500ns!$K$2:$K$195) -> 0.42667319 | P25: =_xlfn.XLOOKUP($A25,contact_features_all_40_500ns!$A$2:$A$195,contact_features_all_40_500ns!$L$2:$L$195) -> 0.49508817 | Q25: =_xlfn.XLOOKUP($A25,rmsf_single_residues_per_seq_50!$A$2:$A$195,rmsf_single_residues_per_seq_50!$E$2:$E$195) -> 1.263 | R25: =_xlfn.XLOOKUP($A25,rmsf_single_residues_per_seq_50!$A$2:$A$195,rmsf_single_residues_per_seq_50!$G$2:$G$195) -> 0.713 | S25: =_xlfn.XLOOKUP($A25,rmsf_single_residues_per_seq_50!$A$2:$A$195,rmsf_single_residues_per_seq_50!$H$2:$H$195) -> 0.77 | T25: =_xlfn.XLOOKUP($A25,rmsf_single_residues_per_seq_50!$A$2:$A$195,rmsf_single_residues_per_seq_50!$I$2:$I$195) -> 0.709 | U25: =_xlfn.XLOOKUP($A25,dw_scores_all_sequences_40_500n!$A$2:$A$195,dw_scores_all_sequences_40_500n!C$2:C$195) -> 0 | V25: =_xlfn.XLOOKUP($A25,dw_scores_all_sequences_40_500n!$A$2:$A$195,dw_scores_all_sequences_40_500n!D$2:D$195) -> 0 | W25: =_xlfn.XLOOKUP($A25,dw_scores_all_sequences_40_500n!$A$2:$A$195,dw_scores_all_sequences_40_500n!E$2:E$195) -> 0 | X25: =_xlfn.XLOOKUP($A25,dw_scores_all_sequences_40_500n!$A$2:$A$195,dw_scores_all_sequences_40_500n!F$2:F$195) -> 0 | Y25: =_xlfn.XLOOKUP($A25,dw_scores_all_sequences_40_500n!$A$2:$A$195,dw_scores_all_sequences_40_500n!G$2:G$195) -> 0 | Z25: =_xlfn.XLOOKUP($A25,dw_scores_all_sequences_40_500n!$A$2:$A$195,dw_scores_all_sequences_40_500n!H$2:H$195) -> 0 | AA25: =_xlfn.XLOOKUP($A25,dw_scores_all_sequences_40_500n!$A$2:$A$195,dw_scores_all_sequences_40_500n!I$2:I$195) -> 0 | AB25: =_xlfn.XLOOKUP($A25,dw_scores_all_sequences_40_500n!$A$2:$A$195,dw_scores_all_sequences_40_500n!J$2:J$195) -> 0 | ... IH25: =_xlfn.XLOOKUP($A25,dw_scores_all_sequences_40_500n!$A$2:$A$195,dw_scores_all_sequences_40_500n!HP$2:HP$195) -> 0
A26: pair_3078_binder | B26: 3078 | C26: binder | D26: =IF(C26="Binder", 1,0) -> 1 | E26: 0.6923 | F26: MASELTPEERSELKNSIAEFHTYQLDPGSCSSLHAQRIHAPPELVWSIVRRFDKPQTYVHFIKSCSVEQNFEMRVGCTRDDILISGLPANTMTVRLDILDDERRVTGASVIGGEHRVTNLKTVTTVHRFEKENRIWTVVLKSYVVDMPEGNSEDDTRMHMDTIFKLALQKLATVAEAMARN | G26: =_xlfn.XLOOKUP(A26,rmsf_ca_per_seq_summary_500ns!$A$2:$A$195,rmsf_ca_per_seq_summary_500ns!$C$2:$C$195) -> 0.33243 | H26: =_xlfn.XLOOKUP(A26,rmsf_ca_per_seq_summary_500ns!$A$2:$A$195,rmsf_ca_per_seq_summary_500ns!$D$2:$D$195) -> 0.07332 | I26: =_xlfn.XLOOKUP($A26,gate_latch_rmsd_to_ref_500ns!$A$2:$A$195,gate_latch_rmsd_to_ref_500ns!$I$2:$I$195) -> 1.2934 | J26: =_xlfn.XLOOKUP($A26,gate_latch_rmsd_to_ref_500ns!$A$2:$A$195,gate_latch_rmsd_to_ref_500ns!$M$2:$M$195) -> 1.4107 | K26: =_xlfn.XLOOKUP($A26,contact_features_all_40_500ns!$A$2:$A$195,contact_features_all_40_500ns!$E$2:$E$195) -> 1.2313524 | L26: =_xlfn.XLOOKUP($A26,contact_features_all_40_500ns!$A$2:$A$195,contact_features_all_40_500ns!$F$2:$F$195) -> 0.84473356 | M26: =_xlfn.XLOOKUP($A26,contact_features_all_40_500ns!$A$2:$A$195,contact_features_all_40_500ns!$H$2:$H$195) -> 3.1460015 | N26: =_xlfn.XLOOKUP($A26,contact_features_all_40_500ns!$A$2:$A$195,contact_features_all_40_500ns!$I$2:$I$195) -> 1.0396678 | O26: =_xlfn.XLOOKUP($A26,contact_features_all_40_500ns!$A$2:$A$195,contact_features_all_40_500ns!$K$2:$K$195) -> 0.68696503 | P26: =_xlfn.XLOOKUP($A26,contact_features_all_40_500ns!$A$2:$A$195,contact_features_all_40_500ns!$L$2:$L$195) -> 0.55744775 | Q26: =_xlfn.XLOOKUP($A26,rmsf_single_residues_per_seq_50!$A$2:$A$195,rmsf_single_residues_per_seq_50!$E$2:$E$195) -> 3.413 | R26: =_xlfn.XLOOKUP($A26,rmsf_single_residues_per_seq_50!$A$2:$A$195,rmsf_single_residues_per_seq_50!$G$2:$G$195) -> 0.724 | S26: =_xlfn.XLOOKUP($A26,rmsf_single_residues_per_seq_50!$A$2:$A$195,rmsf_single_residues_per_seq_50!$H$2:$H$195) -> 0.669 | T26: =_xlfn.XLOOKUP($A26,rmsf_single_residues_per_seq_50!$A$2:$A$195,rmsf_single_residues_per_seq_50!$I$2:$I$195) -> 1.198 | U26: =_xlfn.XLOOKUP($A26,dw_scores_all_sequences_40_500n!$A$2:$A$195,dw_scores_all_sequences_40_500n!C$2:C$195) -> 0 | V26: =_xlfn.XLOOKUP($A26,dw_scores_all_sequences_40_500n!$A$2:$A$195,dw_scores_all_sequences_40_500n!D$2:D$195) -> 0 | W26: =_xlfn.XLOOKUP($A26,dw_scores_all_sequences_40_500n!$A$2:$A$195,dw_scores_all_sequences_40_500n!E$2:E$195) -> 0 | X26: =_xlfn.XLOOKUP($A26,dw_scores_all_sequences_40_500n!$A$2:$A$195,dw_scores_all_sequences_40_500n!F$2:F$195) -> 0 | Y26: =_xlfn.XLOOKUP($A26,dw_scores_all_sequences_40_500n!$A$2:$A$195,dw_scores_all_sequences_40_500n!G$2:G$195) -> 0 | Z26: =_xlfn.XLOOKUP($A26,dw_scores_all_sequences_40_500n!$A$2:$A$195,dw_scores_all_sequences_40_500n!H$2:H$195) -> 0 | AA26: =_xlfn.XLOOKUP($A26,dw_scores_all_sequences_40_500n!$A$2:$A$195,dw_scores_all_sequences_40_500n!I$2:I$195) -> 0 | AB26: =_xlfn.XLOOKUP($A26,dw_scores_all_sequences_40_500n!$A$2:$A$195,dw_scores_all_sequences_40_500n!J$2:J$195) -> 0 | ... IH26: =_xlfn.XLOOKUP($A26,dw_scores_all_sequences_40_500n!$A$2:$A$195,dw_scores_all_sequences_40_500n!HP$2:HP$195) -> 0
... A39: pair_3108_binder | B39: 3108 | C39: binder | D39: =IF(C39="Binder", 1,0) -> 1 | E39: 0.9091 | F39: MASELTPEERSELKNSIAEFHTYQLDPGSCSSLHAQRIHAPPELVWSIVRRFDKPQTYAHFIKSCSVEQNFEMRVGCTRDDILISGLPANTMTVRLDILDDERRVTGHSIIGGEHRLTNYKSVTTVHRFEKENRIWTVVLKSYVVDMPEGNSEDDTRMILDTGVKLILQKLATVAEAMARN | G39: =_xlfn.XLOOKUP(A39,rmsf_ca_per_seq_summary_500ns!$A$2:$A$195,rmsf_ca_per_seq_summary_500ns!$C$2:$C$195) -> 0.31043 | H39: =_xlfn.XLOOKUP(A39,rmsf_ca_per_seq_summary_500ns!$A$2:$A$195,rmsf_ca_per_seq_summary_500ns!$D$2:$D$195) -> 0.05371 | I39: =_xlfn.XLOOKUP($A39,gate_latch_rmsd_to_ref_500ns!$A$2:$A$195,gate_latch_rmsd_to_ref_500ns!$I$2:$I$195) -> 1.2264 | J39: =_xlfn.XLOOKUP($A39,gate_latch_rmsd_to_ref_500ns!$A$2:$A$195,gate_latch_rmsd_to_ref_500ns!$M$2:$M$195) -> 1.9514 | K39: =_xlfn.XLOOKUP($A39,contact_features_all_40_500ns!$A$2:$A$195,contact_features_all_40_500ns!$E$2:$E$195) -> 1.9827994 | L39: =_xlfn.XLOOKUP($A39,contact_features_all_40_500ns!$A$2:$A$195,contact_features_all_40_500ns!$F$2:$F$195) -> 0.49890813 | M39: =_xlfn.XLOOKUP($A39,contact_features_all_40_500ns!$A$2:$A$195,contact_features_all_40_500ns!$H$2:$H$195) -> 3.5459363 | N39: =_xlfn.XLOOKUP($A39,contact_features_all_40_500ns!$A$2:$A$195,contact_features_all_40_500ns!$I$2:$I$195) -> 0.81634006 | O39: =_xlfn.XLOOKUP($A39,contact_features_all_40_500ns!$A$2:$A$195,contact_features_all_40_500ns!$K$2:$K$195) -> 0.29037254 | P39: =_xlfn.XLOOKUP($A39,contact_features_all_40_500ns!$A$2:$A$195,contact_features_all_40_500ns!$L$2:$L$195) -> 0.51706771 | Q39: =_xlfn.XLOOKUP($A39,rmsf_single_residues_per_seq_50!$A$2:$A$195,rmsf_single_residues_per_seq_50!$E$2:$E$195) -> 1.345 | R39: =_xlfn.XLOOKUP($A39,rmsf_single_residues_per_seq_50!$A$2:$A$195,rmsf_single_residues_per_seq_50!$G$2:$G$195) -> 0.594 | S39: =_xlfn.XLOOKUP($A39,rmsf_single_residues_per_seq_50!$A$2:$A$195,rmsf_single_residues_per_seq_50!$H$2:$H$195) -> 0.76 | T39: =_xlfn.XLOOKUP($A39,rmsf_single_residues_per_seq_50!$A$2:$A$195,rmsf_single_residues_per_seq_50!$I$2:$I$195) -> 0.81 | U39: =_xlfn.XLOOKUP($A39,dw_scores_all_sequences_40_500n!$A$2:$A$195,dw_scores_all_sequences_40_500n!C$2:C$195) -> 0 | V39: =_xlfn.XLOOKUP($A39,dw_scores_all_sequences_40_500n!$A$2:$A$195,dw_scores_all_sequences_40_500n!D$2:D$195) -> 0 | W39: =_xlfn.XLOOKUP($A39,dw_scores_all_sequences_40_500n!$A$2:$A$195,dw_scores_all_sequences_40_500n!E$2:E$195) -> 0 | X39: =_xlfn.XLOOKUP($A39,dw_scores_all_sequences_40_500n!$A$2:$A$195,dw_scores_all_sequences_40_500n!F$2:F$195) -> 0 | Y39: =_xlfn.XLOOKUP($A39,dw_scores_all_sequences_40_500n!$A$2:$A$195,dw_scores_all_sequences_40_500n!G$2:G$195) -> 0 | Z39: =_xlfn.XLOOKUP($A39,dw_scores_all_sequences_40_500n!$A$2:$A$195,dw_scores_all_sequences_40_500n!H$2:H$195) -> 0 | AA39: =_xlfn.XLOOKUP($A39,dw_scores_all_sequences_40_500n!$A$2:$A$195,dw_scores_all_sequences_40_500n!I$2:I$195) -> 0 | AB39: =_xlfn.XLOOKUP($A39,dw_scores_all_sequences_40_500n!$A$2:$A$195,dw_scores_all_sequences_40_500n!J$2:J$195) -> 0 | ... IH39: =_xlfn.XLOOKUP($A39,dw_scores_all_sequences_40_500n!$A$2:$A$195,dw_scores_all_sequences_40_500n!HP$2:HP$195) -> 0
A40: seq1_nb | B40: 1 | C40: nonbinder | D40: =IF(C40="Binder", 1,0) -> 0 | F40: MASELTPEERSELKNSIAEFHTYQLDPGSCSSLHAQRIHAPPELVWSIVRRFDKPQTYVHFIKSCSVEQNFEMRVGCTRDLIAISGLPANTATVRLDILDDERRVTGASVIGGEHRLTNLKWVTTVHRFEKENRIWTVVLRSYVVDMPEGNSEDDTRMHVDTLFKLGLQKLATVAEAMARN | G40: =_xlfn.XLOOKUP(A40,rmsf_ca_per_seq_summary_500ns!$A$2:$A$195,rmsf_ca_per_seq_summary_500ns!$C$2:$C$195) -> 0.61071 | H40: =_xlfn.XLOOKUP(A40,rmsf_ca_per_seq_summary_500ns!$A$2:$A$195,rmsf_ca_per_seq_summary_500ns!$D$2:$D$195) -> 0.22217 | I40: =_xlfn.XLOOKUP($A40,gate_latch_rmsd_to_ref_500ns!$A$2:$A$195,gate_latch_rmsd_to_ref_500ns!$I$2:$I$195) -> 5.2416 | J40: =_xlfn.XLOOKUP($A40,gate_latch_rmsd_to_ref_500ns!$A$2:$A$195,gate_latch_rmsd_to_ref_500ns!$M$2:$M$195) -> 2.3232 | K40: =_xlfn.XLOOKUP($A40,contact_features_all_40_500ns!$A$2:$A$195,contact_features_all_40_500ns!$E$2:$E$195) -> 2.1340181 | L40: =_xlfn.XLOOKUP($A40,contact_features_all_40_500ns!$A$2:$A$195,contact_features_all_40_500ns!$F$2:$F$195) -> 0.83455153 | M40: =_xlfn.XLOOKUP($A40,contact_features_all_40_500ns!$A$2:$A$195,contact_features_all_40_500ns!$H$2:$H$195) -> 2.1422516 | N40: =_xlfn.XLOOKUP($A40,contact_features_all_40_500ns!$A$2:$A$195,contact_features_all_40_500ns!$I$2:$I$195) -> 0.57222833 | O40: =_xlfn.XLOOKUP($A40,contact_features_all_40_500ns!$A$2:$A$195,contact_features_all_40_500ns!$K$2:$K$195) -> 0.0079073938 | P40: =_xlfn.XLOOKUP($A40,contact_features_all_40_500ns!$A$2:$A$195,contact_features_all_40_500ns!$L$2:$L$195) -> 0.088571253 | Q40: =_xlfn.XLOOKUP($A40,rmsf_single_residues_per_seq_50!$A$2:$A$195,rmsf_single_residues_per_seq_50!$E$2:$E$195) -> 0.983 | R40: =_xlfn.XLOOKUP($A40,rmsf_single_residues_per_seq_50!$A$2:$A$195,rmsf_single_residues_per_seq_50!$G$2:$G$195) -> 1.753 | S40: =_xlfn.XLOOKUP($A40,rmsf_single_residues_per_seq_50!$A$2:$A$195,rmsf_single_residues_per_seq_50!$H$2:$H$195) -> 0.906 | T40: =_xlfn.XLOOKUP($A40,rmsf_single_residues_per_seq_50!$A$2:$A$195,rmsf_single_residues_per_seq_50!$I$2:$I$195) -> 1.465 | U40: =_xlfn.XLOOKUP($A40,dw_scores_all_sequences_40_500n!$A$2:$A$195,dw_scores_all_sequences_40_500n!C$2:C$195) -> 0 | V40: =_xlfn.XLOOKUP($A40,dw_scores_all_sequences_40_500n!$A$2:$A$195,dw_scores_all_sequences_40_500n!D$2:D$195) -> 0 | W40: =_xlfn.XLOOKUP($A40,dw_scores_all_sequences_40_500n!$A$2:$A$195,dw_scores_all_sequences_40_500n!E$2:E$195) -> 0 | X40: =_xlfn.XLOOKUP($A40,dw_scores_all_sequences_40_500n!$A$2:$A$195,dw_scores_all_sequences_40_500n!F$2:F$195) -> 0 | Y40: =_xlfn.XLOOKUP($A40,dw_scores_all_sequences_40_500n!$A$2:$A$195,dw_scores_all_sequences_40_500n!G$2:G$195) -> 0 | Z40: =_xlfn.XLOOKUP($A40,dw_scores_all_sequences_40_500n!$A$2:$A$195,dw_scores_all_sequences_40_500n!H$2:H$195) -> 0 | AA40: =_xlfn.XLOOKUP($A40,dw_scores_all_sequences_40_500n!$A$2:$A$195,dw_scores_all_sequences_40_500n!I$2:I$195) -> 0 | AB40: =_xlfn.XLOOKUP($A40,dw_scores_all_sequences_40_500n!$A$2:$A$195,dw_scores_all_sequences_40_500n!J$2:J$195) -> 0 | ... IH40: =_xlfn.XLOOKUP($A40,dw_scores_all_sequences_40_500n!$A$2:$A$195,dw_scores_all_sequences_40_500n!HP$2:HP$195) -> 0
A41: seq2_nb | B41: 2 | C41: nonbinder | D41: =IF(C41="Binder", 1,0) -> 0 | F41: MASELTPEERSELKNSIAEFHTYQLDPGSCSSLHAQRIHAPPELVWSIVRRFDKPQTYAHFIKSCSVEQNFEMRVGCTRDLILISGLPANTITARLDILDDERRVTGASVIGGEHRLTNFKWVTTVHRFEKENRIWTVVLQSYVVDMPEGNSEDDTRMILDTGFKLMLQKLATVAEAMARN | G41: =_xlfn.XLOOKUP(A41,rmsf_ca_per_seq_summary_500ns!$A$2:$A$195,rmsf_ca_per_seq_summary_500ns!$C$2:$C$195) -> 0.38457 | H41: =_xlfn.XLOOKUP(A41,rmsf_ca_per_seq_summary_500ns!$A$2:$A$195,rmsf_ca_per_seq_summary_500ns!$D$2:$D$195) -> 0.08579 | I41: =_xlfn.XLOOKUP($A41,gate_latch_rmsd_to_ref_500ns!$A$2:$A$195,gate_latch_rmsd_to_ref_500ns!$I$2:$I$195) -> 1.9708 | J41: =_xlfn.XLOOKUP($A41,gate_latch_rmsd_to_ref_500ns!$A$2:$A$195,gate_latch_rmsd_to_ref_500ns!$M$2:$M$195) -> 1.9661 | K41: =_xlfn.XLOOKUP($A41,contact_features_all_40_500ns!$A$2:$A$195,contact_features_all_40_500ns!$E$2:$E$195) -> 1.509497 | L41: =_xlfn.XLOOKUP($A41,contact_features_all_40_500ns!$A$2:$A$195,contact_features_all_40_500ns!$F$2:$F$195) -> 0.62538118 | M41: =_xlfn.XLOOKUP($A41,contact_features_all_40_500ns!$A$2:$A$195,contact_features_all_40_500ns!$H$2:$H$195) -> 1.9256542 | N41: =_xlfn.XLOOKUP($A41,contact_features_all_40_500ns!$A$2:$A$195,contact_features_all_40_500ns!$I$2:$I$195) -> 0.41495212 | O41: =_xlfn.XLOOKUP($A41,contact_features_all_40_500ns!$A$2:$A$195,contact_features_all_40_500ns!$K$2:$K$195) -> 0.0024455857 | P41: =_xlfn.XLOOKUP($A41,contact_features_all_40_500ns!$A$2:$A$195,contact_features_all_40_500ns!$L$2:$L$195) -> 0.049392356 | Q41: =_xlfn.XLOOKUP($A41,rmsf_single_residues_per_seq_50!$A$2:$A$195,rmsf_single_residues_per_seq_50!$E$2:$E$195) -> 0.932 | R41: =_xlfn.XLOOKUP($A41,rmsf_single_residues_per_seq_50!$A$2:$A$195,rmsf_single_residues_per_seq_50!$G$2:$G$195) -> 2.28 | S41: =_xlfn.XLOOKUP($A41,rmsf_single_residues_per_seq_50!$A$2:$A$195,rmsf_single_residues_per_seq_50!$H$2:$H$195) -> 0.92 | T41: =_xlfn.XLOOKUP($A41,rmsf_single_residues_per_seq_50!$A$2:$A$195,rmsf_single_residues_per_seq_50!$I$2:$I$195) -> 0.687 | U41: =_xlfn.XLOOKUP($A41,dw_scores_all_sequences_40_500n!$A$2:$A$195,dw_scores_all_sequences_40_500n!C$2:C$195) -> 0 | V41: =_xlfn.XLOOKUP($A41,dw_scores_all_sequences_40_500n!$A$2:$A$195,dw_scores_all_sequences_40_500n!D$2:D$195) -> 0 | W41: =_xlfn.XLOOKUP($A41,dw_scores_all_sequences_40_500n!$A$2:$A$195,dw_scores_all_sequences_40_500n!E$2:E$195) -> 0 | X41: =_xlfn.XLOOKUP($A41,dw_scores_all_sequences_40_500n!$A$2:$A$195,dw_scores_all_sequences_40_500n!F$2:F$195) -> 0 | Y41: =_xlfn.XLOOKUP($A41,dw_scores_all_sequences_40_500n!$A$2:$A$195,dw_scores_all_sequences_40_500n!G$2:G$195) -> 0 | Z41: =_xlfn.XLOOKUP($A41,dw_scores_all_sequences_40_500n!$A$2:$A$195,dw_scores_all_sequences_40_500n!H$2:H$195) -> 0 | AA41: =_xlfn.XLOOKUP($A41,dw_scores_all_sequences_40_500n!$A$2:$A$195,dw_scores_all_sequences_40_500n!I$2:I$195) -> 0 | AB41: =_xlfn.XLOOKUP($A41,dw_scores_all_sequences_40_500n!$A$2:$A$195,dw_scores_all_sequences_40_500n!J$2:J$195) -> 0 | ... IH41: =_xlfn.XLOOKUP($A41,dw_scores_all_sequences_40_500n!$A$2:$A$195,dw_scores_all_sequences_40_500n!HP$2:HP$195) -> 0
A42: seq3_nb | B42: 3 | C42: nonbinder | D42: =IF(C42="Binder", 1,0) -> 0 | F42: MASELTPEERSELKNSIAEFHTYQLDPGSCSSLHAQRIHAPPELVWSIVRRFDKPQTYVHFIKSCSVEQNFEMRVGCTRDLIAISGLPANTGTVRLDILDDERRVTGASLIGGEHRLTNLKWVTTVHRFEKENRIWTVVLKSYVVDMPEGNSEDDTRMILDTGVKLILQKLATVAEAMARN | G42: =_xlfn.XLOOKUP(A42,rmsf_ca_per_seq_summary_500ns!$A$2:$A$195,rmsf_ca_per_seq_summary_500ns!$C$2:$C$195) -> 1.19643 | H42: =_xlfn.XLOOKUP(A42,rmsf_ca_per_seq_summary_500ns!$A$2:$A$195,rmsf_ca_per_seq_summary_500ns!$D$2:$D$195) -> 0.31299 | I42: =_xlfn.XLOOKUP($A42,gate_latch_rmsd_to_ref_500ns!$A$2:$A$195,gate_latch_rmsd_to_ref_500ns!$I$2:$I$195) -> 6.2008 | J42: =_xlfn.XLOOKUP($A42,gate_latch_rmsd_to_ref_500ns!$A$2:$A$195,gate_latch_rmsd_to_ref_500ns!$M$2:$M$195) -> 2.2955 | K42: =_xlfn.XLOOKUP($A42,contact_features_all_40_500ns!$A$2:$A$195,contact_features_all_40_500ns!$E$2:$E$195) -> 3.6007174 | L42: =_xlfn.XLOOKUP($A42,contact_features_all_40_500ns!$A$2:$A$195,contact_features_all_40_500ns!$F$2:$F$195) -> 0.95868487 | M42: =_xlfn.XLOOKUP($A42,contact_features_all_40_500ns!$A$2:$A$195,contact_features_all_40_500ns!$H$2:$H$195) -> 1.6382979 | N42: =_xlfn.XLOOKUP($A42,contact_features_all_40_500ns!$A$2:$A$195,contact_features_all_40_500ns!$I$2:$I$195) -> 0.59918477 | O42: =_xlfn.XLOOKUP($A42,contact_features_all_40_500ns!$A$2:$A$195,contact_features_all_40_500ns!$K$2:$K$195) -> 0.0091301867 | P42: =_xlfn.XLOOKUP($A42,contact_features_all_40_500ns!$A$2:$A$195,contact_features_all_40_500ns!$L$2:$L$195) -> 0.095114806 | Q42: =_xlfn.XLOOKUP($A42,rmsf_single_residues_per_seq_50!$A$2:$A$195,rmsf_single_residues_per_seq_50!$E$2:$E$195) -> 1.176 | R42: =_xlfn.XLOOKUP($A42,rmsf_single_residues_per_seq_50!$A$2:$A$195,rmsf_single_residues_per_seq_50!$G$2:$G$195) -> 1.146 | S42: =_xlfn.XLOOKUP($A42,rmsf_single_residues_per_seq_50!$A$2:$A$195,rmsf_single_residues_per_seq_50!$H$2:$H$195) -> 0.916 | T42: =_xlfn.XLOOKUP($A42,rmsf_single_residues_per_seq_50!$A$2:$A$195,rmsf_single_residues_per_seq_50!$I$2:$I$195) -> 0.879 | U42: =_xlfn.XLOOKUP($A42,dw_scores_all_sequences_40_500n!$A$2:$A$195,dw_scores_all_sequences_40_500n!C$2:C$195) -> 0 | V42: =_xlfn.XLOOKUP($A42,dw_scores_all_sequences_40_500n!$A$2:$A$195,dw_scores_all_sequences_40_500n!D$2:D$195) -> 0 | W42: =_xlfn.XLOOKUP($A42,dw_scores_all_sequences_40_500n!$A$2:$A$195,dw_scores_all_sequences_40_500n!E$2:E$195) -> 0 | X42: =_xlfn.XLOOKUP($A42,dw_scores_all_sequences_40_500n!$A$2:$A$195,dw_scores_all_sequences_40_500n!F$2:F$195) -> 0 | Y42: =_xlfn.XLOOKUP($A42,dw_scores_all_sequences_40_500n!$A$2:$A$195,dw_scores_all_sequences_40_500n!G$2:G$195) -> 0 | Z42: =_xlfn.XLOOKUP($A42,dw_scores_all_sequences_40_500n!$A$2:$A$195,dw_scores_all_sequences_40_500n!H$2:H$195) -> 0 | AA42: =_xlfn.XLOOKUP($A42,dw_scores_all_sequences_40_500n!$A$2:$A$195,dw_scores_all_sequences_40_500n!I$2:I$195) -> 0 | AB42: =_xlfn.XLOOKUP($A42,dw_scores_all_sequences_40_500n!$A$2:$A$195,dw_scores_all_sequences_40_500n!J$2:J$195) -> 0 | ... IH42: =_xlfn.XLOOKUP($A42,dw_scores_all_sequences_40_500n!$A$2:$A$195,dw_scores_all_sequences_40_500n!HP$2:HP$195) -> 0
A43: seq4_nb | B43: 4 | C43: nonbinder | D43: =IF(C43="Binder", 1,0) -> 0 | F43: MASELTPEERSELKNSIAEFHTYQLDPGSCSSLHAQRIHAPPELVWSIVRRFDKPQTYRHFIKSCSVEQNFEMRVGCTRDLIAISGLPANTATERLDILDDERRVTGVSIIGGEHRLTNYKSVTTVHRFEKENRIWTVVLKSYVVDMPEGNSEDDTRMIVDTGVKLLLQKLATVAEAMARN | G43: =_xlfn.XLOOKUP(A43,rmsf_ca_per_seq_summary_500ns!$A$2:$A$195,rmsf_ca_per_seq_summary_500ns!$C$2:$C$195) -> 0.71029 | H43: =_xlfn.XLOOKUP(A43,rmsf_ca_per_seq_summary_500ns!$A$2:$A$195,rmsf_ca_per_seq_summary_500ns!$D$2:$D$195) -> 0.09739 | I43: =_xlfn.XLOOKUP($A43,gate_latch_rmsd_to_ref_500ns!$A$2:$A$195,gate_latch_rmsd_to_ref_500ns!$I$2:$I$195) -> 4.9444 | J43: =_xlfn.XLOOKUP($A43,gate_latch_rmsd_to_ref_500ns!$A$2:$A$195,gate_latch_rmsd_to_ref_500ns!$M$2:$M$195) -> 2.7206 | K43: =_xlfn.XLOOKUP($A43,contact_features_all_40_500ns!$A$2:$A$195,contact_features_all_40_500ns!$E$2:$E$195) -> 1.6583517 | L43: =_xlfn.XLOOKUP($A43,contact_features_all_40_500ns!$A$2:$A$195,contact_features_all_40_500ns!$F$2:$F$195) -> 0.71875003 | M43: =_xlfn.XLOOKUP($A43,contact_features_all_40_500ns!$A$2:$A$195,contact_features_all_40_500ns!$H$2:$H$195) -> 2.6815847 | N43: =_xlfn.XLOOKUP($A43,contact_features_all_40_500ns!$A$2:$A$195,contact_features_all_40_500ns!$I$2:$I$195) -> 0.65831588 | O43: =_xlfn.XLOOKUP($A43,contact_features_all_40_500ns!$A$2:$A$195,contact_features_all_40_500ns!$K$2:$K$195) -> 0.7432135 | P43: =_xlfn.XLOOKUP($A43,contact_features_all_40_500ns!$A$2:$A$195,contact_features_all_40_500ns!$L$2:$L$195) -> 0.64156221 | Q43: =_xlfn.XLOOKUP($A43,rmsf_single_residues_per_seq_50!$A$2:$A$195,rmsf_single_residues_per_seq_50!$E$2:$E$195) -> 1.224 | R43: =_xlfn.XLOOKUP($A43,rmsf_single_residues_per_seq_50!$A$2:$A$195,rmsf_single_residues_per_seq_50!$G$2:$G$195) -> 0.632 | S43: =_xlfn.XLOOKUP($A43,rmsf_single_residues_per_seq_50!$A$2:$A$195,rmsf_single_residues_per_seq_50!$H$2:$H$195) -> 0.857 | T43: =_xlfn.XLOOKUP($A43,rmsf_single_residues_per_seq_50!$A$2:$A$195,rmsf_single_residues_per_seq_50!$I$2:$I$195) -> 0.839 | U43: =_xlfn.XLOOKUP($A43,dw_scores_all_sequences_40_500n!$A$2:$A$195,dw_scores_all_sequences_40_500n!C$2:C$195) -> 0 | V43: =_xlfn.XLOOKUP($A43,dw_scores_all_sequences_40_500n!$A$2:$A$195,dw_scores_all_sequences_40_500n!D$2:D$195) -> 0 | W43: =_xlfn.XLOOKUP($A43,dw_scores_all_sequences_40_500n!$A$2:$A$195,dw_scores_all_sequences_40_500n!E$2:E$195) -> 0 | X43: =_xlfn.XLOOKUP($A43,dw_scores_all_sequences_40_500n!$A$2:$A$195,dw_scores_all_sequences_40_500n!F$2:F$195) -> 0 | Y43: =_xlfn.XLOOKUP($A43,dw_scores_all_sequences_40_500n!$A$2:$A$195,dw_scores_all_sequences_40_500n!G$2:G$195) -> 0 | Z43: =_xlfn.XLOOKUP($A43,dw_scores_all_sequences_40_500n!$A$2:$A$195,dw_scores_all_sequences_40_500n!H$2:H$195) -> 0 | AA43: =_xlfn.XLOOKUP($A43,dw_scores_all_sequences_40_500n!$A$2:$A$195,dw_scores_all_sequences_40_500n!I$2:I$195) -> 0 | AB43: =_xlfn.XLOOKUP($A43,dw_scores_all_sequences_40_500n!$A$2:$A$195,dw_scores_all_sequences_40_500n!J$2:J$195) -> 0 | ... IH43: =_xlfn.XLOOKUP($A43,dw_scores_all_sequences_40_500n!$A$2:$A$195,dw_scores_all_sequences_40_500n!HP$2:HP$195) -> 0
A44: seq5_nb | B44: 5 | C44: nonbinder | D44: =IF(C44="Binder", 1,0) -> 0 | F44: MASELTPEERSELKNSIAEFHTYQLDPGSCSSLHAQRIHAPPELVWSIVRRFDKPQTYRHFIKSCSVEQNFEMRVGCTRDLIAISGLPANTATERLDILDDERRVTGVSIIGGEHRLTNYKSVTTVHRFEKENRIWTVVLKSYVVDMPEGNSEDDTRMIVDTGVKLLLQKLATVAEAMARN | G44: =_xlfn.XLOOKUP(A44,rmsf_ca_per_seq_summary_500ns!$A$2:$A$195,rmsf_ca_per_seq_summary_500ns!$C$2:$C$195) -> 0.71629 | H44: =_xlfn.XLOOKUP(A44,rmsf_ca_per_seq_summary_500ns!$A$2:$A$195,rmsf_ca_per_seq_summary_500ns!$D$2:$D$195) -> 0.11687 | I44: =_xlfn.XLOOKUP($A44,gate_latch_rmsd_to_ref_500ns!$A$2:$A$195,gate_latch_rmsd_to_ref_500ns!$I$2:$I$195) -> 5.7582 | J44: =_xlfn.XLOOKUP($A44,gate_latch_rmsd_to_ref_500ns!$A$2:$A$195,gate_latch_rmsd_to_ref_500ns!$M$2:$M$195) -> 3.948 | K44: =_xlfn.XLOOKUP($A44,contact_features_all_40_500ns!$A$2:$A$195,contact_features_all_40_500ns!$E$2:$E$195) -> 3.3315399 | L44: =_xlfn.XLOOKUP($A44,contact_features_all_40_500ns!$A$2:$A$195,contact_features_all_40_500ns!$F$2:$F$195) -> 0.89647677 | M44: =_xlfn.XLOOKUP($A44,contact_features_all_40_500ns!$A$2:$A$195,contact_features_all_40_500ns!$H$2:$H$195) -> 2.7028613 | N44: =_xlfn.XLOOKUP($A44,contact_features_all_40_500ns!$A$2:$A$195,contact_features_all_40_500ns!$I$2:$I$195) -> 0.64174052 | O44: =_xlfn.XLOOKUP($A44,contact_features_all_40_500ns!$A$2:$A$195,contact_features_all_40_500ns!$K$2:$K$195) -> 1.0321187 | P44: =_xlfn.XLOOKUP($A44,contact_features_all_40_500ns!$A$2:$A$195,contact_features_all_40_500ns!$L$2:$L$195) -> 0.48532262 | Q44: =_xlfn.XLOOKUP($A44,rmsf_single_residues_per_seq_50!$A$2:$A$195,rmsf_single_residues_per_seq_50!$E$2:$E$195) -> 1.128 | R44: =_xlfn.XLOOKUP($A44,rmsf_single_residues_per_seq_50!$A$2:$A$195,rmsf_single_residues_per_seq_50!$G$2:$G$195) -> 1.063 | S44: =_xlfn.XLOOKUP($A44,rmsf_single_residues_per_seq_50!$A$2:$A$195,rmsf_single_residues_per_seq_50!$H$2:$H$195) -> 0.872 | T44: =_xlfn.XLOOKUP($A44,rmsf_single_residues_per_seq_50!$A$2:$A$195,rmsf_single_residues_per_seq_50!$I$2:$I$195) -> 0.905 | U44: =_xlfn.XLOOKUP($A44,dw_scores_all_sequences_40_500n!$A$2:$A$195,dw_scores_all_sequences_40_500n!C$2:C$195) -> 0 | V44: =_xlfn.XLOOKUP($A44,dw_scores_all_sequences_40_500n!$A$2:$A$195,dw_scores_all_sequences_40_500n!D$2:D$195) -> 0 | W44: =_xlfn.XLOOKUP($A44,dw_scores_all_sequences_40_500n!$A$2:$A$195,dw_scores_all_sequences_40_500n!E$2:E$195) -> 0 | X44: =_xlfn.XLOOKUP($A44,dw_scores_all_sequences_40_500n!$A$2:$A$195,dw_scores_all_sequences_40_500n!F$2:F$195) -> 0 | Y44: =_xlfn.XLOOKUP($A44,dw_scores_all_sequences_40_500n!$A$2:$A$195,dw_scores_all_sequences_40_500n!G$2:G$195) -> 0 | Z44: =_xlfn.XLOOKUP($A44,dw_scores_all_sequences_40_500n!$A$2:$A$195,dw_scores_all_sequences_40_500n!H$2:H$195) -> 0 | AA44: =_xlfn.XLOOKUP($A44,dw_scores_all_sequences_40_500n!$A$2:$A$195,dw_scores_all_sequences_40_500n!I$2:I$195) -> 0 | AB44: =_xlfn.XLOOKUP($A44,dw_scores_all_sequences_40_500n!$A$2:$A$195,dw_scores_all_sequences_40_500n!J$2:J$195) -> 0 | ... IH44: =_xlfn.XLOOKUP($A44,dw_scores_all_sequences_40_500n!$A$2:$A$195,dw_scores_all_sequences_40_500n!HP$2:HP$195) -> 0
A45: seq6_nb | B45: 6 | C45: nonbinder | D45: =IF(C45="Binder", 1,0) -> 0 | F45: MASELTPEERSELKNSIAEFHTYQLDPGSCSSLHAQRIHAPPELVWSIVRRFDKPQTYLHFIKSCSVEQNFEMRVGCTRDLIVISGLPANTATVRLDILDDERRVTGGSVIGGEHRLTNLKWVTTVHRFEKENRIWTVVLQSYVVDMPEGNSEDDTRMYVDTFVKLTLQKLATVAEAMARN | G45: =_xlfn.XLOOKUP(A45,rmsf_ca_per_seq_summary_500ns!$A$2:$A$195,rmsf_ca_per_seq_summary_500ns!$C$2:$C$195) -> 0.40614 | H45: =_xlfn.XLOOKUP(A45,rmsf_ca_per_seq_summary_500ns!$A$2:$A$195,rmsf_ca_per_seq_summary_500ns!$D$2:$D$195) -> 0.07973 | I45: =_xlfn.XLOOKUP($A45,gate_latch_rmsd_to_ref_500ns!$A$2:$A$195,gate_latch_rmsd_to_ref_500ns!$I$2:$I$195) -> 3.1589 | J45: =_xlfn.XLOOKUP($A45,gate_latch_rmsd_to_ref_500ns!$A$2:$A$195,gate_latch_rmsd_to_ref_500ns!$M$2:$M$195) -> 2.1372 | K45: =_xlfn.XLOOKUP($A45,contact_features_all_40_500ns!$A$2:$A$195,contact_features_all_40_500ns!$E$2:$E$195) -> 4.8813076 | L45: =_xlfn.XLOOKUP($A45,contact_features_all_40_500ns!$A$2:$A$195,contact_features_all_40_500ns!$F$2:$F$195) -> 0.51020273 | M45: =_xlfn.XLOOKUP($A45,contact_features_all_40_500ns!$A$2:$A$195,contact_features_all_40_500ns!$H$2:$H$195) -> 1.7959566 | N45: =_xlfn.XLOOKUP($A45,contact_features_all_40_500ns!$A$2:$A$195,contact_features_all_40_500ns!$I$2:$I$195) -> 0.43057889 | O45: =_xlfn.XLOOKUP($A45,contact_features_all_40_500ns!$A$2:$A$195,contact_features_all_40_500ns!$K$2:$K$195) -> 0.023151545 | P45: =_xlfn.XLOOKUP($A45,contact_features_all_40_500ns!$A$2:$A$195,contact_features_all_40_500ns!$L$2:$L$195) -> 0.15038468 | Q45: =_xlfn.XLOOKUP($A45,rmsf_single_residues_per_seq_50!$A$2:$A$195,rmsf_single_residues_per_seq_50!$E$2:$E$195) -> 1.719 | R45: =_xlfn.XLOOKUP($A45,rmsf_single_residues_per_seq_50!$A$2:$A$195,rmsf_single_residues_per_seq_50!$G$2:$G$195) -> 1.178 | S45: =_xlfn.XLOOKUP($A45,rmsf_single_residues_per_seq_50!$A$2:$A$195,rmsf_single_residues_per_seq_50!$H$2:$H$195) -> 0.703 | T45: =_xlfn.XLOOKUP($A45,rmsf_single_residues_per_seq_50!$A$2:$A$195,rmsf_single_residues_per_seq_50!$I$2:$I$195) -> 1.026 | U45: =_xlfn.XLOOKUP($A45,dw_scores_all_sequences_40_500n!$A$2:$A$195,dw_scores_all_sequences_40_500n!C$2:C$195) -> 0 | V45: =_xlfn.XLOOKUP($A45,dw_scores_all_sequences_40_500n!$A$2:$A$195,dw_scores_all_sequences_40_500n!D$2:D$195) -> 0 | W45: =_xlfn.XLOOKUP($A45,dw_scores_all_sequences_40_500n!$A$2:$A$195,dw_scores_all_sequences_40_500n!E$2:E$195) -> 0 | X45: =_xlfn.XLOOKUP($A45,dw_scores_all_sequences_40_500n!$A$2:$A$195,dw_scores_all_sequences_40_500n!F$2:F$195) -> 0 | Y45: =_xlfn.XLOOKUP($A45,dw_scores_all_sequences_40_500n!$A$2:$A$195,dw_scores_all_sequences_40_500n!G$2:G$195) -> 0 | Z45: =_xlfn.XLOOKUP($A45,dw_scores_all_sequences_40_500n!$A$2:$A$195,dw_scores_all_sequences_40_500n!H$2:H$195) -> 0 | AA45: =_xlfn.XLOOKUP($A45,dw_scores_all_sequences_40_500n!$A$2:$A$195,dw_scores_all_sequences_40_500n!I$2:I$195) -> 0 | AB45: =_xlfn.XLOOKUP($A45,dw_scores_all_sequences_40_500n!$A$2:$A$195,dw_scores_all_sequences_40_500n!J$2:J$195) -> 0 | ... IH45: =_xlfn.XLOOKUP($A45,dw_scores_all_sequences_40_500n!$A$2:$A$195,dw_scores_all_sequences_40_500n!HP$2:HP$195) -> 0
A46: seq7_nb | B46: 7 | C46: nonbinder | D46: =IF(C46="Binder", 1,0) -> 0 | F46: MASELTPEERSELKNSIAEFHTYQLDPGSCSSLHAQRIHAPPELVWSIVRRFDKPQTYVHFIKSCSVEQNFEMRVGCTRDLIAISGLPANTGTVRLDILDDERRVTGASLIGGEHRLTNLKWVTTVHRFEKENRIWTVVLKSYVVDMPEGNSEDDTRMIVDTGVKLLLQKLATVAEAMARN | G46: =_xlfn.XLOOKUP(A46,rmsf_ca_per_seq_summary_500ns!$A$2:$A$195,rmsf_ca_per_seq_summary_500ns!$C$2:$C$195) -> 0.98914 | H46: =_xlfn.XLOOKUP(A46,rmsf_ca_per_seq_summary_500ns!$A$2:$A$195,rmsf_ca_per_seq_summary_500ns!$D$2:$D$195) -> 0.40224 | I46: =_xlfn.XLOOKUP($A46,gate_latch_rmsd_to_ref_500ns!$A$2:$A$195,gate_latch_rmsd_to_ref_500ns!$I$2:$I$195) -> 6.3755 | J46: =_xlfn.XLOOKUP($A46,gate_latch_rmsd_to_ref_500ns!$A$2:$A$195,gate_latch_rmsd_to_ref_500ns!$M$2:$M$195) -> 3.583 | K46: =_xlfn.XLOOKUP($A46,contact_features_all_40_500ns!$A$2:$A$195,contact_features_all_40_500ns!$E$2:$E$195) -> 1.2462705 | L46: =_xlfn.XLOOKUP($A46,contact_features_all_40_500ns!$A$2:$A$195,contact_features_all_40_500ns!$F$2:$F$195) -> 0.67050843 | M46: =_xlfn.XLOOKUP($A46,contact_features_all_40_500ns!$A$2:$A$195,contact_features_all_40_500ns!$H$2:$H$195) -> 1.8859542 | N46: =_xlfn.XLOOKUP($A46,contact_features_all_40_500ns!$A$2:$A$195,contact_features_all_40_500ns!$I$2:$I$195) -> 1.2450423 | O46: =_xlfn.XLOOKUP($A46,contact_features_all_40_500ns!$A$2:$A$195,contact_features_all_40_500ns!$K$2:$K$195) -> 0.050949702 | P46: =_xlfn.XLOOKUP($A46,contact_features_all_40_500ns!$A$2:$A$195,contact_features_all_40_500ns!$L$2:$L$195) -> 0.22466272 | Q46: =_xlfn.XLOOKUP($A46,rmsf_single_residues_per_seq_50!$A$2:$A$195,rmsf_single_residues_per_seq_50!$E$2:$E$195) -> 1.548 | R46: =_xlfn.XLOOKUP($A46,rmsf_single_residues_per_seq_50!$A$2:$A$195,rmsf_single_residues_per_seq_50!$G$2:$G$195) -> 0.87 | S46: =_xlfn.XLOOKUP($A46,rmsf_single_residues_per_seq_50!$A$2:$A$195,rmsf_single_residues_per_seq_50!$H$2:$H$195) -> 1.076 | T46: =_xlfn.XLOOKUP($A46,rmsf_single_residues_per_seq_50!$A$2:$A$195,rmsf_single_residues_per_seq_50!$I$2:$I$195) -> 1.258 | U46: =_xlfn.XLOOKUP($A46,dw_scores_all_sequences_40_500n!$A$2:$A$195,dw_scores_all_sequences_40_500n!C$2:C$195) -> 0 | V46: =_xlfn.XLOOKUP($A46,dw_scores_all_sequences_40_500n!$A$2:$A$195,dw_scores_all_sequences_40_500n!D$2:D$195) -> 0 | W46: =_xlfn.XLOOKUP($A46,dw_scores_all_sequences_40_500n!$A$2:$A$195,dw_scores_all_sequences_40_500n!E$2:E$195) -> 0 | X46: =_xlfn.XLOOKUP($A46,dw_scores_all_sequences_40_500n!$A$2:$A$195,dw_scores_all_sequences_40_500n!F$2:F$195) -> 0 | Y46: =_xlfn.XLOOKUP($A46,dw_scores_all_sequences_40_500n!$A$2:$A$195,dw_scores_all_sequences_40_500n!G$2:G$195) -> 0 | Z46: =_xlfn.XLOOKUP($A46,dw_scores_all_sequences_40_500n!$A$2:$A$195,dw_scores_all_sequences_40_500n!H$2:H$195) -> 0 | AA46: =_xlfn.XLOOKUP($A46,dw_scores_all_sequences_40_500n!$A$2:$A$195,dw_scores_all_sequences_40_500n!I$2:I$195) -> 0 | AB46: =_xlfn.XLOOKUP($A46,dw_scores_all_sequences_40_500n!$A$2:$A$195,dw_scores_all_sequences_40_500n!J$2:J$195) -> 0 | ... IH46: =_xlfn.XLOOKUP($A46,dw_scores_all_sequences_40_500n!$A$2:$A$195,dw_scores_all_sequences_40_500n!HP$2:HP$195) -> 0
A47: pair_0008_low_pkt | B47: 0008 | C47: low_pkt | D47: =IF(C47="Binder", 1,0) -> 0 | F47: MASELTPEERSELKNSIAEFHTYQLDPGSCSSLHAQRIHAPPELVWSIVRRFDKPQTYRHFIKSCSVEQNFEMRVGCTRDIIAISGLPANTATERLDILDDERRVTGASVIGGEHRLTNEKWVTTVHRFEKENRIWTVVLRSYVVDMPEGNSEDDTRMYVDTIFKLALQKLATVAEAMARN | G47: =_xlfn.XLOOKUP(A47,rmsf_ca_per_seq_summary_500ns!$A$2:$A$195,rmsf_ca_per_seq_summary_500ns!$C$2:$C$195) -> 0.52343 | H47: =_xlfn.XLOOKUP(A47,rmsf_ca_per_seq_summary_500ns!$A$2:$A$195,rmsf_ca_per_seq_summary_500ns!$D$2:$D$195) -> 0.10922 | I47: =_xlfn.XLOOKUP($A47,gate_latch_rmsd_to_ref_500ns!$A$2:$A$195,gate_latch_rmsd_to_ref_500ns!$I$2:$I$195) -> 3.0714 | J47: =_xlfn.XLOOKUP($A47,gate_latch_rmsd_to_ref_500ns!$A$2:$A$195,gate_latch_rmsd_to_ref_500ns!$M$2:$M$195) -> 2.6945 | K47: =_xlfn.XLOOKUP($A47,contact_features_all_40_500ns!$A$2:$A$195,contact_features_all_40_500ns!$E$2:$E$195) -> 0.90869813 | L47: =_xlfn.XLOOKUP($A47,contact_features_all_40_500ns!$A$2:$A$195,contact_features_all_40_500ns!$F$2:$F$195) -> 0.72048268 | M47: =_xlfn.XLOOKUP($A47,contact_features_all_40_500ns!$A$2:$A$195,contact_features_all_40_500ns!$H$2:$H$195) -> 2.970653 | N47: =_xlfn.XLOOKUP($A47,contact_features_all_40_500ns!$A$2:$A$195,contact_features_all_40_500ns!$I$2:$I$195) -> 0.29332331 | O47: =_xlfn.XLOOKUP($A47,contact_features_all_40_500ns!$A$2:$A$195,contact_features_all_40_500ns!$K$2:$K$195) -> 1.1857015 | P47: =_xlfn.XLOOKUP($A47,contact_features_all_40_500ns!$A$2:$A$195,contact_features_all_40_500ns!$L$2:$L$195) -> 0.52839577 | Q47: =_xlfn.XLOOKUP($A47,rmsf_single_residues_per_seq_50!$A$2:$A$195,rmsf_single_residues_per_seq_50!$E$2:$E$195) -> 1.283 | R47: =_xlfn.XLOOKUP($A47,rmsf_single_residues_per_seq_50!$A$2:$A$195,rmsf_single_residues_per_seq_50!$G$2:$G$195) -> 0.566 | S47: =_xlfn.XLOOKUP($A47,rmsf_single_residues_per_seq_50!$A$2:$A$195,rmsf_single_residues_per_seq_50!$H$2:$H$195) -> 0.824 | T47: =_xlfn.XLOOKUP($A47,rmsf_single_residues_per_seq_50!$A$2:$A$195,rmsf_single_residues_per_seq_50!$I$2:$I$195) -> 1.081 | U47: =_xlfn.XLOOKUP($A47,dw_scores_all_sequences_40_500n!$A$2:$A$195,dw_scores_all_sequences_40_500n!C$2:C$195) -> 0 | V47: =_xlfn.XLOOKUP($A47,dw_scores_all_sequences_40_500n!$A$2:$A$195,dw_scores_all_sequences_40_500n!D$2:D$195) -> 0 | W47: =_xlfn.XLOOKUP($A47,dw_scores_all_sequences_40_500n!$A$2:$A$195,dw_scores_all_sequences_40_500n!E$2:E$195) -> 0 | X47: =_xlfn.XLOOKUP($A47,dw_scores_all_sequences_40_500n!$A$2:$A$195,dw_scores_all_sequences_40_500n!F$2:F$195) -> 0 | Y47: =_xlfn.XLOOKUP($A47,dw_scores_all_sequences_40_500n!$A$2:$A$195,dw_scores_all_sequences_40_500n!G$2:G$195) -> 0 | Z47: =_xlfn.XLOOKUP($A47,dw_scores_all_sequences_40_500n!$A$2:$A$195,dw_scores_all_sequences_40_500n!H$2:H$195) -> 0 | AA47: =_xlfn.XLOOKUP($A47,dw_scores_all_sequences_40_500n!$A$2:$A$195,dw_scores_all_sequences_40_500n!I$2:I$195) -> 0 | AB47: =_xlfn.XLOOKUP($A47,dw_scores_all_sequences_40_500n!$A$2:$A$195,dw_scores_all_sequences_40_500n!J$2:J$195) -> 0 | ... IH47: =_xlfn.XLOOKUP($A47,dw_scores_all_sequences_40_500n!$A$2:$A$195,dw_scores_all_sequences_40_500n!HP$2:HP$195) -> 0
A48: pair_0393_low_pkt | B48: 0393 | C48: low_pkt | D48: =IF(C48="Binder", 1,0) -> 0 | F48: MASELTPEERSELKNSIAEFHTYQLDPGSCSSLHAQRIHAPPELVWSIVRRFDKPQTYRHFIKSCSVEQNFEMRVGCTRDLIVISGLPANTATVRLDILDDERRVTGFSVIGGEHRVTNEKSVTTVHRFEKENRIWTVVLRSYVVDMPEGNSEDDTRMLMDTFYKLALQKLATVAEAMARN | G48: =_xlfn.XLOOKUP(A48,rmsf_ca_per_seq_summary_500ns!$A$2:$A$195,rmsf_ca_per_seq_summary_500ns!$C$2:$C$195) -> 0.34086 | H48: =_xlfn.XLOOKUP(A48,rmsf_ca_per_seq_summary_500ns!$A$2:$A$195,rmsf_ca_per_seq_summary_500ns!$D$2:$D$195) -> 0.06815 | I48: =_xlfn.XLOOKUP($A48,gate_latch_rmsd_to_ref_500ns!$A$2:$A$195,gate_latch_rmsd_to_ref_500ns!$I$2:$I$195) -> 2.1729 | J48: =_xlfn.XLOOKUP($A48,gate_latch_rmsd_to_ref_500ns!$A$2:$A$195,gate_latch_rmsd_to_ref_500ns!$M$2:$M$195) -> 3.9105 | K48: =_xlfn.XLOOKUP($A48,contact_features_all_40_500ns!$A$2:$A$195,contact_features_all_40_500ns!$E$2:$E$195) -> 2.1173881 | L48: =_xlfn.XLOOKUP($A48,contact_features_all_40_500ns!$A$2:$A$195,contact_features_all_40_500ns!$F$2:$F$195) -> 0.97565379 | M48: =_xlfn.XLOOKUP($A48,contact_features_all_40_500ns!$A$2:$A$195,contact_features_all_40_500ns!$H$2:$H$195) -> 1.9184805 | N48: =_xlfn.XLOOKUP($A48,contact_features_all_40_500ns!$A$2:$A$195,contact_features_all_40_500ns!$I$2:$I$195) -> 0.57928709 | O48: =_xlfn.XLOOKUP($A48,contact_features_all_40_500ns!$A$2:$A$195,contact_features_all_40_500ns!$K$2:$K$195) -> 0.80663569 | P48: =_xlfn.XLOOKUP($A48,contact_features_all_40_500ns!$A$2:$A$195,contact_features_all_40_500ns!$L$2:$L$195) -> 0.62156957 | Q48: =_xlfn.XLOOKUP($A48,rmsf_single_residues_per_seq_50!$A$2:$A$195,rmsf_single_residues_per_seq_50!$E$2:$E$195) -> 1.262 | R48: =_xlfn.XLOOKUP($A48,rmsf_single_residues_per_seq_50!$A$2:$A$195,rmsf_single_residues_per_seq_50!$G$2:$G$195) -> 1.144 | S48: =_xlfn.XLOOKUP($A48,rmsf_single_residues_per_seq_50!$A$2:$A$195,rmsf_single_residues_per_seq_50!$H$2:$H$195) -> 0.735 | T48: =_xlfn.XLOOKUP($A48,rmsf_single_residues_per_seq_50!$A$2:$A$195,rmsf_single_residues_per_seq_50!$I$2:$I$195) -> 0.678 | U48: =_xlfn.XLOOKUP($A48,dw_scores_all_sequences_40_500n!$A$2:$A$195,dw_scores_all_sequences_40_500n!C$2:C$195) -> 0 | V48: =_xlfn.XLOOKUP($A48,dw_scores_all_sequences_40_500n!$A$2:$A$195,dw_scores_all_sequences_40_500n!D$2:D$195) -> 0 | W48: =_xlfn.XLOOKUP($A48,dw_scores_all_sequences_40_500n!$A$2:$A$195,dw_scores_all_sequences_40_500n!E$2:E$195) -> 0 | X48: =_xlfn.XLOOKUP($A48,dw_scores_all_sequences_40_500n!$A$2:$A$195,dw_scores_all_sequences_40_500n!F$2:F$195) -> 0 | Y48: =_xlfn.XLOOKUP($A48,dw_scores_all_sequences_40_500n!$A$2:$A$195,dw_scores_all_sequences_40_500n!G$2:G$195) -> 0 | Z48: =_xlfn.XLOOKUP($A48,dw_scores_all_sequences_40_500n!$A$2:$A$195,dw_scores_all_sequences_40_500n!H$2:H$195) -> 0 | AA48: =_xlfn.XLOOKUP($A48,dw_scores_all_sequences_40_500n!$A$2:$A$195,dw_scores_all_sequences_40_500n!I$2:I$195) -> 0 | AB48: =_xlfn.XLOOKUP($A48,dw_scores_all_sequences_40_500n!$A$2:$A$195,dw_scores_all_sequences_40_500n!J$2:J$195) -> 0 | ... IH48: =_xlfn.XLOOKUP($A48,dw_scores_all_sequences_40_500n!$A$2:$A$195,dw_scores_all_sequences_40_500n!HP$2:HP$195) -> 0
A49: pair_0482_low_pkt | B49: 0482 | C49: low_pkt | D49: =IF(C49="Binder", 1,0) -> 0 | F49: MASELTPEERSELKNSIAEFHTYQLDPGSCSSLHAQRIHAPPELVWSIVRRFDKPQTYRHFIKSCSVEQNFEMRVGCTRDDIVISGLPANTATQRLDILDDERRVTGFSVIGGEHRVTNEKWVTTVHRFEKENRIWTVVLRSYVVDMPEGNSEDDTRMLMDTFFKLALQKLATVAEAMARN | G49: =_xlfn.XLOOKUP(A49,rmsf_ca_per_seq_summary_500ns!$A$2:$A$195,rmsf_ca_per_seq_summary_500ns!$C$2:$C$195) -> 0.38014 | H49: =_xlfn.XLOOKUP(A49,rmsf_ca_per_seq_summary_500ns!$A$2:$A$195,rmsf_ca_per_seq_summary_500ns!$D$2:$D$195) -> 0.07013 | I49: =_xlfn.XLOOKUP($A49,gate_latch_rmsd_to_ref_500ns!$A$2:$A$195,gate_latch_rmsd_to_ref_500ns!$I$2:$I$195) -> 1.4096 | J49: =_xlfn.XLOOKUP($A49,gate_latch_rmsd_to_ref_500ns!$A$2:$A$195,gate_latch_rmsd_to_ref_500ns!$M$2:$M$195) -> 3.8677 | K49: =_xlfn.XLOOKUP($A49,contact_features_all_40_500ns!$A$2:$A$195,contact_features_all_40_500ns!$E$2:$E$195) -> 1.855792 | L49: =_xlfn.XLOOKUP($A49,contact_features_all_40_500ns!$A$2:$A$195,contact_features_all_40_500ns!$F$2:$F$195) -> 0.85043091 | M49: =_xlfn.XLOOKUP($A49,contact_features_all_40_500ns!$A$2:$A$195,contact_features_all_40_500ns!$H$2:$H$195) -> 2.6585147 | N49: =_xlfn.XLOOKUP($A49,contact_features_all_40_500ns!$A$2:$A$195,contact_features_all_40_500ns!$I$2:$I$195) -> 0.47695043 | O49: =_xlfn.XLOOKUP($A49,contact_features_all_40_500ns!$A$2:$A$195,contact_features_all_40_500ns!$K$2:$K$195) -> 1.0386403 | P49: =_xlfn.XLOOKUP($A49,contact_features_all_40_500ns!$A$2:$A$195,contact_features_all_40_500ns!$L$2:$L$195) -> 0.60645723 | Q49: =_xlfn.XLOOKUP($A49,rmsf_single_residues_per_seq_50!$A$2:$A$195,rmsf_single_residues_per_seq_50!$E$2:$E$195) -> 2.964 | R49: =_xlfn.XLOOKUP($A49,rmsf_single_residues_per_seq_50!$A$2:$A$195,rmsf_single_residues_per_seq_50!$G$2:$G$195) -> 2.172 | S49: =_xlfn.XLOOKUP($A49,rmsf_single_residues_per_seq_50!$A$2:$A$195,rmsf_single_residues_per_seq_50!$H$2:$H$195) -> 1.789 | T49: =_xlfn.XLOOKUP($A49,rmsf_single_residues_per_seq_50!$A$2:$A$195,rmsf_single_residues_per_seq_50!$I$2:$I$195) -> 1.203 | U49: =_xlfn.XLOOKUP($A49,dw_scores_all_sequences_40_500n!$A$2:$A$195,dw_scores_all_sequences_40_500n!C$2:C$195) -> 0 | V49: =_xlfn.XLOOKUP($A49,dw_scores_all_sequences_40_500n!$A$2:$A$195,dw_scores_all_sequences_40_500n!D$2:D$195) -> 0 | W49: =_xlfn.XLOOKUP($A49,dw_scores_all_sequences_40_500n!$A$2:$A$195,dw_scores_all_sequences_40_500n!E$2:E$195) -> 0 | X49: =_xlfn.XLOOKUP($A49,dw_scores_all_sequences_40_500n!$A$2:$A$195,dw_scores_all_sequences_40_500n!F$2:F$195) -> 0 | Y49: =_xlfn.XLOOKUP($A49,dw_scores_all_sequences_40_500n!$A$2:$A$195,dw_scores_all_sequences_40_500n!G$2:G$195) -> 0 | Z49: =_xlfn.XLOOKUP($A49,dw_scores_all_sequences_40_500n!$A$2:$A$195,dw_scores_all_sequences_40_500n!H$2:H$195) -> 0 | AA49: =_xlfn.XLOOKUP($A49,dw_scores_all_sequences_40_500n!$A$2:$A$195,dw_scores_all_sequences_40_500n!I$2:I$195) -> 0 | AB49: =_xlfn.XLOOKUP($A49,dw_scores_all_sequences_40_500n!$A$2:$A$195,dw_scores_all_sequences_40_500n!J$2:J$195) -> 0 | ... IH49: =_xlfn.XLOOKUP($A49,dw_scores_all_sequences_40_500n!$A$2:$A$195,dw_scores_all_sequences_40_500n!HP$2:HP$195) -> 0
A50: pair_1331_low_pkt | B50: 1331 | C50: low_pkt | D50: =IF(C50="Binder", 1,0) -> 0 | F50: MASELTPEERSELKNSIAEFHTYQLDPGSCSSLHAQRIHAPPELVWSIVRRFDKPQTYLHFIKSCSVEQNFEMRVGCTRDDIVISGLPANTATVRLDILDDERRVTGYSVIGGEHRVTNLKTVTTVHRFEKENRIWTVVLQSYVVDMPEGNSEDDTRMRMDTFIKLGLQKLATVAEAMARN | G50: =_xlfn.XLOOKUP(A50,rmsf_ca_per_seq_summary_500ns!$A$2:$A$195,rmsf_ca_per_seq_summary_500ns!$C$2:$C$195) -> 0.81014 | H50: =_xlfn.XLOOKUP(A50,rmsf_ca_per_seq_summary_500ns!$A$2:$A$195,rmsf_ca_per_seq_summary_500ns!$D$2:$D$195) -> 0.25857 | I50: =_xlfn.XLOOKUP($A50,gate_latch_rmsd_to_ref_500ns!$A$2:$A$195,gate_latch_rmsd_to_ref_500ns!$I$2:$I$195) -> 4.0276 | J50: =_xlfn.XLOOKUP($A50,gate_latch_rmsd_to_ref_500ns!$A$2:$A$195,gate_latch_rmsd_to_ref_500ns!$M$2:$M$195) -> 6.963 | K50: =_xlfn.XLOOKUP($A50,contact_features_all_40_500ns!$A$2:$A$195,contact_features_all_40_500ns!$E$2:$E$195) -> 5.1095622 | L50: =_xlfn.XLOOKUP($A50,contact_features_all_40_500ns!$A$2:$A$195,contact_features_all_40_500ns!$F$2:$F$195) -> 1.0131904 | M50: =_xlfn.XLOOKUP($A50,contact_features_all_40_500ns!$A$2:$A$195,contact_features_all_40_500ns!$H$2:$H$195) -> 1.0403522 | N50: =_xlfn.XLOOKUP($A50,contact_features_all_40_500ns!$A$2:$A$195,contact_features_all_40_500ns!$I$2:$I$195) -> 0.21194186 | O50: =_xlfn.XLOOKUP($A50,contact_features_all_40_500ns!$A$2:$A$195,contact_features_all_40_500ns!$K$2:$K$195) -> 0.0013858319 | P50: =_xlfn.XLOOKUP($A50,contact_features_all_40_500ns!$A$2:$A$195,contact_features_all_40_500ns!$L$2:$L$195) -> 0.037200959 | Q50: =_xlfn.XLOOKUP($A50,rmsf_single_residues_per_seq_50!$A$2:$A$195,rmsf_single_residues_per_seq_50!$E$2:$E$195) -> 0.808 | R50: =_xlfn.XLOOKUP($A50,rmsf_single_residues_per_seq_50!$A$2:$A$195,rmsf_single_residues_per_seq_50!$G$2:$G$195) -> 0.937 | S50: =_xlfn.XLOOKUP($A50,rmsf_single_residues_per_seq_50!$A$2:$A$195,rmsf_single_residues_per_seq_50!$H$2:$H$195) -> 1.409 | T50: =_xlfn.XLOOKUP($A50,rmsf_single_residues_per_seq_50!$A$2:$A$195,rmsf_single_residues_per_seq_50!$I$2:$I$195) -> 0.92 | U50: =_xlfn.XLOOKUP($A50,dw_scores_all_sequences_40_500n!$A$2:$A$195,dw_scores_all_sequences_40_500n!C$2:C$195) -> 0 | V50: =_xlfn.XLOOKUP($A50,dw_scores_all_sequences_40_500n!$A$2:$A$195,dw_scores_all_sequences_40_500n!D$2:D$195) -> 0 | W50: =_xlfn.XLOOKUP($A50,dw_scores_all_sequences_40_500n!$A$2:$A$195,dw_scores_all_sequences_40_500n!E$2:E$195) -> 0 | X50: =_xlfn.XLOOKUP($A50,dw_scores_all_sequences_40_500n!$A$2:$A$195,dw_scores_all_sequences_40_500n!F$2:F$195) -> 0 | Y50: =_xlfn.XLOOKUP($A50,dw_scores_all_sequences_40_500n!$A$2:$A$195,dw_scores_all_sequences_40_500n!G$2:G$195) -> 0 | Z50: =_xlfn.XLOOKUP($A50,dw_scores_all_sequences_40_500n!$A$2:$A$195,dw_scores_all_sequences_40_500n!H$2:H$195) -> 0 | AA50: =_xlfn.XLOOKUP($A50,dw_scores_all_sequences_40_500n!$A$2:$A$195,dw_scores_all_sequences_40_500n!I$2:I$195) -> 0 | AB50: =_xlfn.XLOOKUP($A50,dw_scores_all_sequences_40_500n!$A$2:$A$195,dw_scores_all_sequences_40_500n!J$2:J$195) -> 0 | ... IH50: =_xlfn.XLOOKUP($A50,dw_scores_all_sequences_40_500n!$A$2:$A$195,dw_scores_all_sequences_40_500n!HP$2:HP$195) -> 0
A51: pair_1931_low_pkt | B51: 1931 | C51: low_pkt | D51: =IF(C51="Binder", 1,0) -> 0 | F51: MASELTPEERSELKNSIAEFHTYQLDPGSCSSLHAQRIHAPPELVWSIVRRFDKPQTYAHFIKSCSVEQNFEMRVGCTRDLIVISGLPANTATERLDILDDERRVTGSSVIGGEHRVTNEKWVTTVHRFEKENRIWTVVLRSYVVDMPEGNSEDDTRMLMDTFFKLALQKLATVAEAMARN | G51: =_xlfn.XLOOKUP(A51,rmsf_ca_per_seq_summary_500ns!$A$2:$A$195,rmsf_ca_per_seq_summary_500ns!$C$2:$C$195) -> 0.35143 | H51: =_xlfn.XLOOKUP(A51,rmsf_ca_per_seq_summary_500ns!$A$2:$A$195,rmsf_ca_per_seq_summary_500ns!$D$2:$D$195) -> 0.05224 | I51: =_xlfn.XLOOKUP($A51,gate_latch_rmsd_to_ref_500ns!$A$2:$A$195,gate_latch_rmsd_to_ref_500ns!$I$2:$I$195) -> 1.7853 | J51: =_xlfn.XLOOKUP($A51,gate_latch_rmsd_to_ref_500ns!$A$2:$A$195,gate_latch_rmsd_to_ref_500ns!$M$2:$M$195) -> 5.0526 | K51: =_xlfn.XLOOKUP($A51,contact_features_all_40_500ns!$A$2:$A$195,contact_features_all_40_500ns!$E$2:$E$195) -> 2.5227847 | L51: =_xlfn.XLOOKUP($A51,contact_features_all_40_500ns!$A$2:$A$195,contact_features_all_40_500ns!$F$2:$F$195) -> 0.98833094 | M51: =_xlfn.XLOOKUP($A51,contact_features_all_40_500ns!$A$2:$A$195,contact_features_all_40_500ns!$H$2:$H$195) -> 1.993723 | N51: =_xlfn.XLOOKUP($A51,contact_features_all_40_500ns!$A$2:$A$195,contact_features_all_40_500ns!$I$2:$I$195) -> 0.082016582 | O51: =_xlfn.XLOOKUP($A51,contact_features_all_40_500ns!$A$2:$A$195,contact_features_all_40_500ns!$K$2:$K$195) -> 2.004076 | P51: =_xlfn.XLOOKUP($A51,contact_features_all_40_500ns!$A$2:$A$195,contact_features_all_40_500ns!$L$2:$L$195) -> 0.27913447 | Q51: =_xlfn.XLOOKUP($A51,rmsf_single_residues_per_seq_50!$A$2:$A$195,rmsf_single_residues_per_seq_50!$E$2:$E$195) -> 0.846 | R51: =_xlfn.XLOOKUP($A51,rmsf_single_residues_per_seq_50!$A$2:$A$195,rmsf_single_residues_per_seq_50!$G$2:$G$195) -> 0.539 | S51: =_xlfn.XLOOKUP($A51,rmsf_single_residues_per_seq_50!$A$2:$A$195,rmsf_single_residues_per_seq_50!$H$2:$H$195) -> 0.684 | T51: =_xlfn.XLOOKUP($A51,rmsf_single_residues_per_seq_50!$A$2:$A$195,rmsf_single_residues_per_seq_50!$I$2:$I$195) -> 1.024 | U51: =_xlfn.XLOOKUP($A51,dw_scores_all_sequences_40_500n!$A$2:$A$195,dw_scores_all_sequences_40_500n!C$2:C$195) -> 0 | V51: =_xlfn.XLOOKUP($A51,dw_scores_all_sequences_40_500n!$A$2:$A$195,dw_scores_all_sequences_40_500n!D$2:D$195) -> 0 | W51: =_xlfn.XLOOKUP($A51,dw_scores_all_sequences_40_500n!$A$2:$A$195,dw_scores_all_sequences_40_500n!E$2:E$195) -> 0 | X51: =_xlfn.XLOOKUP($A51,dw_scores_all_sequences_40_500n!$A$2:$A$195,dw_scores_all_sequences_40_500n!F$2:F$195) -> 0 | Y51: =_xlfn.XLOOKUP($A51,dw_scores_all_sequences_40_500n!$A$2:$A$195,dw_scores_all_sequences_40_500n!G$2:G$195) -> 0 | Z51: =_xlfn.XLOOKUP($A51,dw_scores_all_sequences_40_500n!$A$2:$A$195,dw_scores_all_sequences_40_500n!H$2:H$195) -> 0 | AA51: =_xlfn.XLOOKUP($A51,dw_scores_all_sequences_40_500n!$A$2:$A$195,dw_scores_all_sequences_40_500n!I$2:I$195) -> 0 | AB51: =_xlfn.XLOOKUP($A51,dw_scores_all_sequences_40_500n!$A$2:$A$195,dw_scores_all_sequences_40_500n!J$2:J$195) -> 0 | ... IH51: =_xlfn.XLOOKUP($A51,dw_scores_all_sequences_40_500n!$A$2:$A$195,dw_scores_all_sequences_40_500n!HP$2:HP$195) -> 0
A52: pair_0065_low_pkt | B52: 0065 | C52: low_pkt | D52: =IF(C52="Binder", 1,0) -> 0 | F52: MASELTPEERSELKNSIAEFHTYQLDPGSCSSLHAQRIHAPPELVWSIVRRFDKPQTYRHFIKSCSVEQNFEMRVGCTRDLIAISGLPANTATVRLDILDDERRVTGFSVIGGEHRVTNEKWVTTVHRFEKENRIWTVVLRSYVVDMPEGNSEDDTRMHMDTLIKLALQKLATVAEAMARN | G52: =_xlfn.XLOOKUP(A52,rmsf_ca_per_seq_summary_500ns!$A$2:$A$195,rmsf_ca_per_seq_summary_500ns!$C$2:$C$195) -> 0.65 | H52: =_xlfn.XLOOKUP(A52,rmsf_ca_per_seq_summary_500ns!$A$2:$A$195,rmsf_ca_per_seq_summary_500ns!$D$2:$D$195) -> 0.1202 | I52: =_xlfn.XLOOKUP($A52,gate_latch_rmsd_to_ref_500ns!$A$2:$A$195,gate_latch_rmsd_to_ref_500ns!$I$2:$I$195) -> 2.5915 | J52: =_xlfn.XLOOKUP($A52,gate_latch_rmsd_to_ref_500ns!$A$2:$A$195,gate_latch_rmsd_to_ref_500ns!$M$2:$M$195) -> 1.8116 | K52: =_xlfn.XLOOKUP($A52,contact_features_all_40_500ns!$A$2:$A$195,contact_features_all_40_500ns!$E$2:$E$195) -> 1.4021358 | L52: =_xlfn.XLOOKUP($A52,contact_features_all_40_500ns!$A$2:$A$195,contact_features_all_40_500ns!$F$2:$F$195) -> 1.166475 | M52: =_xlfn.XLOOKUP($A52,contact_features_all_40_500ns!$A$2:$A$195,contact_features_all_40_500ns!$H$2:$H$195) -> 2.4978397 | N52: =_xlfn.XLOOKUP($A52,contact_features_all_40_500ns!$A$2:$A$195,contact_features_all_40_500ns!$I$2:$I$195) -> 0.84508432 | O52: =_xlfn.XLOOKUP($A52,contact_features_all_40_500ns!$A$2:$A$195,contact_features_all_40_500ns!$K$2:$K$195) -> 0.33186598 | P52: =_xlfn.XLOOKUP($A52,contact_features_all_40_500ns!$A$2:$A$195,contact_features_all_40_500ns!$L$2:$L$195) -> 0.47140224 | Q52: =_xlfn.XLOOKUP($A52,rmsf_single_residues_per_seq_50!$A$2:$A$195,rmsf_single_residues_per_seq_50!$E$2:$E$195) -> 1.242 | R52: =_xlfn.XLOOKUP($A52,rmsf_single_residues_per_seq_50!$A$2:$A$195,rmsf_single_residues_per_seq_50!$G$2:$G$195) -> 0.85 | S52: =_xlfn.XLOOKUP($A52,rmsf_single_residues_per_seq_50!$A$2:$A$195,rmsf_single_residues_per_seq_50!$H$2:$H$195) -> 0.918 | T52: =_xlfn.XLOOKUP($A52,rmsf_single_residues_per_seq_50!$A$2:$A$195,rmsf_single_residues_per_seq_50!$I$2:$I$195) -> 2.052 | U52: =_xlfn.XLOOKUP($A52,dw_scores_all_sequences_40_500n!$A$2:$A$195,dw_scores_all_sequences_40_500n!C$2:C$195) -> 0 | V52: =_xlfn.XLOOKUP($A52,dw_scores_all_sequences_40_500n!$A$2:$A$195,dw_scores_all_sequences_40_500n!D$2:D$195) -> 0 | W52: =_xlfn.XLOOKUP($A52,dw_scores_all_sequences_40_500n!$A$2:$A$195,dw_scores_all_sequences_40_500n!E$2:E$195) -> 0 | X52: =_xlfn.XLOOKUP($A52,dw_scores_all_sequences_40_500n!$A$2:$A$195,dw_scores_all_sequences_40_500n!F$2:F$195) -> 0 | Y52: =_xlfn.XLOOKUP($A52,dw_scores_all_sequences_40_500n!$A$2:$A$195,dw_scores_all_sequences_40_500n!G$2:G$195) -> 0 | Z52: =_xlfn.XLOOKUP($A52,dw_scores_all_sequences_40_500n!$A$2:$A$195,dw_scores_all_sequences_40_500n!H$2:H$195) -> 0 | AA52: =_xlfn.XLOOKUP($A52,dw_scores_all_sequences_40_500n!$A$2:$A$195,dw_scores_all_sequences_40_500n!I$2:I$195) -> 0 | AB52: =_xlfn.XLOOKUP($A52,dw_scores_all_sequences_40_500n!$A$2:$A$195,dw_scores_all_sequences_40_500n!J$2:J$195) -> 0 | ... IH52: =_xlfn.XLOOKUP($A52,dw_scores_all_sequences_40_500n!$A$2:$A$195,dw_scores_all_sequences_40_500n!HP$2:HP$195) -> 0.0041
A53: pair_0947_low_pkt | B53: 0947 | C53: low_pkt | D53: =IF(C53="Binder", 1,0) -> 0 | F53: MASELTPEERSELKNSIAEFHTYQLDPGSCSSLHAQRIHAPPELVWSIVRRFDKPQTYVHFIKSCSVEQNFEMRVGCTRDLIVISGLPANTATERLDILDDERRVTGSSVIGGEHRVTNEKWVTTVHRFEKENRIWTVVLRSYVVDMPEGNSEDDTRMLMDTFFKLALQKLATVAEAMARN | G53: =_xlfn.XLOOKUP(A53,rmsf_ca_per_seq_summary_500ns!$A$2:$A$195,rmsf_ca_per_seq_summary_500ns!$C$2:$C$195) -> 0.41286 | H53: =_xlfn.XLOOKUP(A53,rmsf_ca_per_seq_summary_500ns!$A$2:$A$195,rmsf_ca_per_seq_summary_500ns!$D$2:$D$195) -> 0.08932 | I53: =_xlfn.XLOOKUP($A53,gate_latch_rmsd_to_ref_500ns!$A$2:$A$195,gate_latch_rmsd_to_ref_500ns!$I$2:$I$195) -> 2.5626 | J53: =_xlfn.XLOOKUP($A53,gate_latch_rmsd_to_ref_500ns!$A$2:$A$195,gate_latch_rmsd_to_ref_500ns!$M$2:$M$195) -> 1.2653 | K53: =_xlfn.XLOOKUP($A53,contact_features_all_40_500ns!$A$2:$A$195,contact_features_all_40_500ns!$E$2:$E$195) -> 3.2356729 | L53: =_xlfn.XLOOKUP($A53,contact_features_all_40_500ns!$A$2:$A$195,contact_features_all_40_500ns!$F$2:$F$195) -> 0.6189627 | M53: =_xlfn.XLOOKUP($A53,contact_features_all_40_500ns!$A$2:$A$195,contact_features_all_40_500ns!$H$2:$H$195) -> 2.7284585 | N53: =_xlfn.XLOOKUP($A53,contact_features_all_40_500ns!$A$2:$A$195,contact_features_all_40_500ns!$I$2:$I$195) -> 0.60449224 | O53: =_xlfn.XLOOKUP($A53,contact_features_all_40_500ns!$A$2:$A$195,contact_features_all_40_500ns!$K$2:$K$195) -> 1.0505421 | P53: =_xlfn.XLOOKUP($A53,contact_features_all_40_500ns!$A$2:$A$195,contact_features_all_40_500ns!$L$2:$L$195) -> 0.46361577 | Q53: =_xlfn.XLOOKUP($A53,rmsf_single_residues_per_seq_50!$A$2:$A$195,rmsf_single_residues_per_seq_50!$E$2:$E$195) -> 1.055 | R53: =_xlfn.XLOOKUP($A53,rmsf_single_residues_per_seq_50!$A$2:$A$195,rmsf_single_residues_per_seq_50!$G$2:$G$195) -> 0.618 | S53: =_xlfn.XLOOKUP($A53,rmsf_single_residues_per_seq_50!$A$2:$A$195,rmsf_single_residues_per_seq_50!$H$2:$H$195) -> 0.604 | T53: =_xlfn.XLOOKUP($A53,rmsf_single_residues_per_seq_50!$A$2:$A$195,rmsf_single_residues_per_seq_50!$I$2:$I$195) -> 1.495 | U53: =_xlfn.XLOOKUP($A53,dw_scores_all_sequences_40_500n!$A$2:$A$195,dw_scores_all_sequences_40_500n!C$2:C$195) -> 0 | V53: =_xlfn.XLOOKUP($A53,dw_scores_all_sequences_40_500n!$A$2:$A$195,dw_scores_all_sequences_40_500n!D$2:D$195) -> 0 | W53: =_xlfn.XLOOKUP($A53,dw_scores_all_sequences_40_500n!$A$2:$A$195,dw_scores_all_sequences_40_500n!E$2:E$195) -> 0 | X53: =_xlfn.XLOOKUP($A53,dw_scores_all_sequences_40_500n!$A$2:$A$195,dw_scores_all_sequences_40_500n!F$2:F$195) -> 0 | Y53: =_xlfn.XLOOKUP($A53,dw_scores_all_sequences_40_500n!$A$2:$A$195,dw_scores_all_sequences_40_500n!G$2:G$195) -> 0 | Z53: =_xlfn.XLOOKUP($A53,dw_scores_all_sequences_40_500n!$A$2:$A$195,dw_scores_all_sequences_40_500n!H$2:H$195) -> 0 | AA53: =_xlfn.XLOOKUP($A53,dw_scores_all_sequences_40_500n!$A$2:$A$195,dw_scores_all_sequences_40_500n!I$2:I$195) -> 0 | AB53: =_xlfn.XLOOKUP($A53,dw_scores_all_sequences_40_500n!$A$2:$A$195,dw_scores_all_sequences_40_500n!J$2:J$195) -> 0 | ... IH53: =_xlfn.XLOOKUP($A53,dw_scores_all_sequences_40_500n!$A$2:$A$195,dw_scores_all_sequences_40_500n!HP$2:HP$195) -> 0
A54: pair_0948_low_pkt | B54: 0948 | C54: low_pkt | D54: =IF(C54="Binder", 1,0) -> 0 | F54: MASELTPEERSELKNSIAEFHTYQLDPGSCSSLHAQRIHAPPELVWSIVRRFDKPQTYVHFIKSCSVEQNFEMRVGCTRDLIVISGLPANTATERLDILDDERRVTGASVIGGEHRVTNEKWVTTVHRFEKENRIWTVVLRSYVVDMPEGNSEDDTRMLMDTFFKLALQKLATVAEAMARN | G54: =_xlfn.XLOOKUP(A54,rmsf_ca_per_seq_summary_500ns!$A$2:$A$195,rmsf_ca_per_seq_summary_500ns!$C$2:$C$195) -> 0.36686 | H54: =_xlfn.XLOOKUP(A54,rmsf_ca_per_seq_summary_500ns!$A$2:$A$195,rmsf_ca_per_seq_summary_500ns!$D$2:$D$195) -> 0.06966 | I54: =_xlfn.XLOOKUP($A54,gate_latch_rmsd_to_ref_500ns!$A$2:$A$195,gate_latch_rmsd_to_ref_500ns!$I$2:$I$195) -> 1.708 | J54: =_xlfn.XLOOKUP($A54,gate_latch_rmsd_to_ref_500ns!$A$2:$A$195,gate_latch_rmsd_to_ref_500ns!$M$2:$M$195) -> 4.3151 | K54: =_xlfn.XLOOKUP($A54,contact_features_all_40_500ns!$A$2:$A$195,contact_features_all_40_500ns!$E$2:$E$195) -> 0.64041738 | L54: =_xlfn.XLOOKUP($A54,contact_features_all_40_500ns!$A$2:$A$195,contact_features_all_40_500ns!$F$2:$F$195) -> 0.81123204 | M54: =_xlfn.XLOOKUP($A54,contact_features_all_40_500ns!$A$2:$A$195,contact_features_all_40_500ns!$H$2:$H$195) -> 2.3460504 | N54: =_xlfn.XLOOKUP($A54,contact_features_all_40_500ns!$A$2:$A$195,contact_features_all_40_500ns!$I$2:$I$195) -> 0.51377187 | O54: =_xlfn.XLOOKUP($A54,contact_features_all_40_500ns!$A$2:$A$195,contact_features_all_40_500ns!$K$2:$K$195) -> 1.8365534 | P54: =_xlfn.XLOOKUP($A54,contact_features_all_40_500ns!$A$2:$A$195,contact_features_all_40_500ns!$L$2:$L$195) -> 0.5339451 | Q54: =_xlfn.XLOOKUP($A54,rmsf_single_residues_per_seq_50!$A$2:$A$195,rmsf_single_residues_per_seq_50!$E$2:$E$195) -> 1.143 | R54: =_xlfn.XLOOKUP($A54,rmsf_single_residues_per_seq_50!$A$2:$A$195,rmsf_single_residues_per_seq_50!$G$2:$G$195) -> 0.611 | S54: =_xlfn.XLOOKUP($A54,rmsf_single_residues_per_seq_50!$A$2:$A$195,rmsf_single_residues_per_seq_50!$H$2:$H$195) -> 0.838 | T54: =_xlfn.XLOOKUP($A54,rmsf_single_residues_per_seq_50!$A$2:$A$195,rmsf_single_residues_per_seq_50!$I$2:$I$195) -> 1.247 | U54: =_xlfn.XLOOKUP($A54,dw_scores_all_sequences_40_500n!$A$2:$A$195,dw_scores_all_sequences_40_500n!C$2:C$195) -> 0 | V54: =_xlfn.XLOOKUP($A54,dw_scores_all_sequences_40_500n!$A$2:$A$195,dw_scores_all_sequences_40_500n!D$2:D$195) -> 0 | W54: =_xlfn.XLOOKUP($A54,dw_scores_all_sequences_40_500n!$A$2:$A$195,dw_scores_all_sequences_40_500n!E$2:E$195) -> 0 | X54: =_xlfn.XLOOKUP($A54,dw_scores_all_sequences_40_500n!$A$2:$A$195,dw_scores_all_sequences_40_500n!F$2:F$195) -> 0 | Y54: =_xlfn.XLOOKUP($A54,dw_scores_all_sequences_40_500n!$A$2:$A$195,dw_scores_all_sequences_40_500n!G$2:G$195) -> 0 | Z54: =_xlfn.XLOOKUP($A54,dw_scores_all_sequences_40_500n!$A$2:$A$195,dw_scores_all_sequences_40_500n!H$2:H$195) -> 0 | AA54: =_xlfn.XLOOKUP($A54,dw_scores_all_sequences_40_500n!$A$2:$A$195,dw_scores_all_sequences_40_500n!I$2:I$195) -> 0 | AB54: =_xlfn.XLOOKUP($A54,dw_scores_all_sequences_40_500n!$A$2:$A$195,dw_scores_all_sequences_40_500n!J$2:J$195) -> 0 | ... IH54: =_xlfn.XLOOKUP($A54,dw_scores_all_sequences_40_500n!$A$2:$A$195,dw_scores_all_sequences_40_500n!HP$2:HP$195) -> 0
A55: pair_1413_low_pkt | B55: 1413 | C55: low_pkt | D55: =IF(C55="Binder", 1,0) -> 0 | F55: MASELTPEERSELKNSIAEFHTYQLDPGSCSSLHAQRIHAPPELVWSIVRRFDKPQTYLHFIKSCSVEQNFEMRVGCTRDLIVISGLPANTATERLDILDDERRVTGGSVIGGEHRVTNEKWVTTVHRFEKENRIWTVVLRSYVVDMPEGNSEDDTRMHMDTFFKLALQKLATVAEAMARN | G55: =_xlfn.XLOOKUP(A55,rmsf_ca_per_seq_summary_500ns!$A$2:$A$195,rmsf_ca_per_seq_summary_500ns!$C$2:$C$195) -> 0.40829 | H55: =_xlfn.XLOOKUP(A55,rmsf_ca_per_seq_summary_500ns!$A$2:$A$195,rmsf_ca_per_seq_summary_500ns!$D$2:$D$195) -> 0.08882 | I55: =_xlfn.XLOOKUP($A55,gate_latch_rmsd_to_ref_500ns!$A$2:$A$195,gate_latch_rmsd_to_ref_500ns!$I$2:$I$195) -> 2.1252 | J55: =_xlfn.XLOOKUP($A55,gate_latch_rmsd_to_ref_500ns!$A$2:$A$195,gate_latch_rmsd_to_ref_500ns!$M$2:$M$195) -> 5.5218 | K55: =_xlfn.XLOOKUP($A55,contact_features_all_40_500ns!$A$2:$A$195,contact_features_all_40_500ns!$E$2:$E$195) -> 0.51903481 | L55: =_xlfn.XLOOKUP($A55,contact_features_all_40_500ns!$A$2:$A$195,contact_features_all_40_500ns!$F$2:$F$195) -> 0.70761417 | M55: =_xlfn.XLOOKUP($A55,contact_features_all_40_500ns!$A$2:$A$195,contact_features_all_40_500ns!$H$2:$H$195) -> 2.7993805 | N55: =_xlfn.XLOOKUP($A55,contact_features_all_40_500ns!$A$2:$A$195,contact_features_all_40_500ns!$I$2:$I$195) -> 1.1283953 | O55: =_xlfn.XLOOKUP($A55,contact_features_all_40_500ns!$A$2:$A$195,contact_features_all_40_500ns!$K$2:$K$195) -> 1.6845194 | P55: =_xlfn.XLOOKUP($A55,contact_features_all_40_500ns!$A$2:$A$195,contact_features_all_40_500ns!$L$2:$L$195) -> 0.73655943 | Q55: =_xlfn.XLOOKUP($A55,rmsf_single_residues_per_seq_50!$A$2:$A$195,rmsf_single_residues_per_seq_50!$E$2:$E$195) -> 1.515 | R55: =_xlfn.XLOOKUP($A55,rmsf_single_residues_per_seq_50!$A$2:$A$195,rmsf_single_residues_per_seq_50!$G$2:$G$195) -> 0.617 | S55: =_xlfn.XLOOKUP($A55,rmsf_single_residues_per_seq_50!$A$2:$A$195,rmsf_single_residues_per_seq_50!$H$2:$H$195) -> 1.029 | T55: =_xlfn.XLOOKUP($A55,rmsf_single_residues_per_seq_50!$A$2:$A$195,rmsf_single_residues_per_seq_50!$I$2:$I$195) -> 1.735 | U55: =_xlfn.XLOOKUP($A55,dw_scores_all_sequences_40_500n!$A$2:$A$195,dw_scores_all_sequences_40_500n!C$2:C$195) -> 0 | V55: =_xlfn.XLOOKUP($A55,dw_scores_all_sequences_40_500n!$A$2:$A$195,dw_scores_all_sequences_40_500n!D$2:D$195) -> 0 | W55: =_xlfn.XLOOKUP($A55,dw_scores_all_sequences_40_500n!$A$2:$A$195,dw_scores_all_sequences_40_500n!E$2:E$195) -> 0 | X55: =_xlfn.XLOOKUP($A55,dw_scores_all_sequences_40_500n!$A$2:$A$195,dw_scores_all_sequences_40_500n!F$2:F$195) -> 0 | Y55: =_xlfn.XLOOKUP($A55,dw_scores_all_sequences_40_500n!$A$2:$A$195,dw_scores_all_sequences_40_500n!G$2:G$195) -> 0 | Z55: =_xlfn.XLOOKUP($A55,dw_scores_all_sequences_40_500n!$A$2:$A$195,dw_scores_all_sequences_40_500n!H$2:H$195) -> 0 | AA55: =_xlfn.XLOOKUP($A55,dw_scores_all_sequences_40_500n!$A$2:$A$195,dw_scores_all_sequences_40_500n!I$2:I$195) -> 0 | AB55: =_xlfn.XLOOKUP($A55,dw_scores_all_sequences_40_500n!$A$2:$A$195,dw_scores_all_sequences_40_500n!J$2:J$195) -> 0 | ... IH55: =_xlfn.XLOOKUP($A55,dw_scores_all_sequences_40_500n!$A$2:$A$195,dw_scores_all_sequences_40_500n!HP$2:HP$195) -> 0
A56: pair_0715_fail_gate | B56: 0715 | C56: fail_gate | D56: =IF(C56="Binder", 1,0) -> 0 | F56: MASELTPEERSELKNSIAEFHTYQLDPGSCSSLHAQRIHAPPELVWSIVRRFDKPQTYVHFIKSCSVEQNFEMRVGCTRDLIAISGLPANTGTVRLDILDDERRVTGSSLIGGEHRLTNYKSVTTVHRFEKENRIWTVVLQSYVVDMPEGNSEDDTRMYVDTIIKLTLQKLATVAEAMARN | G56: =_xlfn.XLOOKUP(A56,rmsf_ca_per_seq_summary_500ns!$A$2:$A$195,rmsf_ca_per_seq_summary_500ns!$C$2:$C$195) -> 0.66314 | H56: =_xlfn.XLOOKUP(A56,rmsf_ca_per_seq_summary_500ns!$A$2:$A$195,rmsf_ca_per_seq_summary_500ns!$D$2:$D$195) -> 0.26802 | I56: =_xlfn.XLOOKUP($A56,gate_latch_rmsd_to_ref_500ns!$A$2:$A$195,gate_latch_rmsd_to_ref_500ns!$I$2:$I$195) -> 2.75 | J56: =_xlfn.XLOOKUP($A56,gate_latch_rmsd_to_ref_500ns!$A$2:$A$195,gate_latch_rmsd_to_ref_500ns!$M$2:$M$195) -> 2.6685 | K56: =_xlfn.XLOOKUP($A56,contact_features_all_40_500ns!$A$2:$A$195,contact_features_all_40_500ns!$E$2:$E$195) -> 5.6065053 | L56: =_xlfn.XLOOKUP($A56,contact_features_all_40_500ns!$A$2:$A$195,contact_features_all_40_500ns!$F$2:$F$195) -> 1.2171702 | M56: =_xlfn.XLOOKUP($A56,contact_features_all_40_500ns!$A$2:$A$195,contact_features_all_40_500ns!$H$2:$H$195) -> 1.1511372 | N56: =_xlfn.XLOOKUP($A56,contact_features_all_40_500ns!$A$2:$A$195,contact_features_all_40_500ns!$I$2:$I$195) -> 0.67128455 | O56: =_xlfn.XLOOKUP($A56,contact_features_all_40_500ns!$A$2:$A$195,contact_features_all_40_500ns!$K$2:$K$195) -> 0.11437189 | P56: =_xlfn.XLOOKUP($A56,contact_features_all_40_500ns!$A$2:$A$195,contact_features_all_40_500ns!$L$2:$L$195) -> 0.31826241 | Q56: =_xlfn.XLOOKUP($A56,rmsf_single_residues_per_seq_50!$A$2:$A$195,rmsf_single_residues_per_seq_50!$E$2:$E$195) -> 1.362 | R56: =_xlfn.XLOOKUP($A56,rmsf_single_residues_per_seq_50!$A$2:$A$195,rmsf_single_residues_per_seq_50!$G$2:$G$195) -> 0.63 | S56: =_xlfn.XLOOKUP($A56,rmsf_single_residues_per_seq_50!$A$2:$A$195,rmsf_single_residues_per_seq_50!$H$2:$H$195) -> 0.835 | T56: =_xlfn.XLOOKUP($A56,rmsf_single_residues_per_seq_50!$A$2:$A$195,rmsf_single_residues_per_seq_50!$I$2:$I$195) -> 0.858 | U56: =_xlfn.XLOOKUP($A56,dw_scores_all_sequences_40_500n!$A$2:$A$195,dw_scores_all_sequences_40_500n!C$2:C$195) -> 0 | V56: =_xlfn.XLOOKUP($A56,dw_scores_all_sequences_40_500n!$A$2:$A$195,dw_scores_all_sequences_40_500n!D$2:D$195) -> 0 | W56: =_xlfn.XLOOKUP($A56,dw_scores_all_sequences_40_500n!$A$2:$A$195,dw_scores_all_sequences_40_500n!E$2:E$195) -> 0 | X56: =_xlfn.XLOOKUP($A56,dw_scores_all_sequences_40_500n!$A$2:$A$195,dw_scores_all_sequences_40_500n!F$2:F$195) -> 0 | Y56: =_xlfn.XLOOKUP($A56,dw_scores_all_sequences_40_500n!$A$2:$A$195,dw_scores_all_sequences_40_500n!G$2:G$195) -> 0 | Z56: =_xlfn.XLOOKUP($A56,dw_scores_all_sequences_40_500n!$A$2:$A$195,dw_scores_all_sequences_40_500n!H$2:H$195) -> 0 | AA56: =_xlfn.XLOOKUP($A56,dw_scores_all_sequences_40_500n!$A$2:$A$195,dw_scores_all_sequences_40_500n!I$2:I$195) -> 0 | AB56: =_xlfn.XLOOKUP($A56,dw_scores_all_sequences_40_500n!$A$2:$A$195,dw_scores_all_sequences_40_500n!J$2:J$195) -> 0 | ... IH56: =_xlfn.XLOOKUP($A56,dw_scores_all_sequences_40_500n!$A$2:$A$195,dw_scores_all_sequences_40_500n!HP$2:HP$195) -> 0
A57: pair_1094_fail_gate | B57: 1094 | C57: fail_gate | D57: =IF(C57="Binder", 1,0) -> 0 | F57: MASELTPEERSELKNSIAEFHTYQLDPGSCSSLHAQRIHAPPELVWSIVRRFDKPQTYLHFIKSCSVEQNFEMRVGCTRDVIAISGLPANTATERLDILDDERRVTGASLIGGEHRLTNFKWVTTVHRFEKENRIWTVVLRSYVVDMPEGNSEDDTRMFVDTFVKLTLQKLATVAEAMARN | G57: =_xlfn.XLOOKUP(A57,rmsf_ca_per_seq_summary_500ns!$A$2:$A$195,rmsf_ca_per_seq_summary_500ns!$C$2:$C$195) -> 0.774 | H57: =_xlfn.XLOOKUP(A57,rmsf_ca_per_seq_summary_500ns!$A$2:$A$195,rmsf_ca_per_seq_summary_500ns!$D$2:$D$195) -> 0.14957 | I57: =_xlfn.XLOOKUP($A57,gate_latch_rmsd_to_ref_500ns!$A$2:$A$195,gate_latch_rmsd_to_ref_500ns!$I$2:$I$195) -> 4.2714 | J57: =_xlfn.XLOOKUP($A57,gate_latch_rmsd_to_ref_500ns!$A$2:$A$195,gate_latch_rmsd_to_ref_500ns!$M$2:$M$195) -> 2.0906 | K57: =_xlfn.XLOOKUP($A57,contact_features_all_40_500ns!$A$2:$A$195,contact_features_all_40_500ns!$E$2:$E$195) -> 0.4513736 | L57: =_xlfn.XLOOKUP($A57,contact_features_all_40_500ns!$A$2:$A$195,contact_features_all_40_500ns!$F$2:$F$195) -> 0.70492707 | M57: =_xlfn.XLOOKUP($A57,contact_features_all_40_500ns!$A$2:$A$195,contact_features_all_40_500ns!$H$2:$H$195) -> 2.8259558 | N57: =_xlfn.XLOOKUP($A57,contact_features_all_40_500ns!$A$2:$A$195,contact_features_all_40_500ns!$I$2:$I$195) -> 0.45301052 | O57: =_xlfn.XLOOKUP($A57,contact_features_all_40_500ns!$A$2:$A$195,contact_features_all_40_500ns!$K$2:$K$195) -> 1.0825793 | P57: =_xlfn.XLOOKUP($A57,contact_features_all_40_500ns!$A$2:$A$195,contact_features_all_40_500ns!$L$2:$L$195) -> 0.41270157 | Q57: =_xlfn.XLOOKUP($A57,rmsf_single_residues_per_seq_50!$A$2:$A$195,rmsf_single_residues_per_seq_50!$E$2:$E$195) -> 2.416 | R57: =_xlfn.XLOOKUP($A57,rmsf_single_residues_per_seq_50!$A$2:$A$195,rmsf_single_residues_per_seq_50!$G$2:$G$195) -> 0.565 | S57: =_xlfn.XLOOKUP($A57,rmsf_single_residues_per_seq_50!$A$2:$A$195,rmsf_single_residues_per_seq_50!$H$2:$H$195) -> 1.262 | T57: =_xlfn.XLOOKUP($A57,rmsf_single_residues_per_seq_50!$A$2:$A$195,rmsf_single_residues_per_seq_50!$I$2:$I$195) -> 1.923 | U57: =_xlfn.XLOOKUP($A57,dw_scores_all_sequences_40_500n!$A$2:$A$195,dw_scores_all_sequences_40_500n!C$2:C$195) -> 0 | V57: =_xlfn.XLOOKUP($A57,dw_scores_all_sequences_40_500n!$A$2:$A$195,dw_scores_all_sequences_40_500n!D$2:D$195) -> 0 | W57: =_xlfn.XLOOKUP($A57,dw_scores_all_sequences_40_500n!$A$2:$A$195,dw_scores_all_sequences_40_500n!E$2:E$195) -> 0 | X57: =_xlfn.XLOOKUP($A57,dw_scores_all_sequences_40_500n!$A$2:$A$195,dw_scores_all_sequences_40_500n!F$2:F$195) -> 0 | Y57: =_xlfn.XLOOKUP($A57,dw_scores_all_sequences_40_500n!$A$2:$A$195,dw_scores_all_sequences_40_500n!G$2:G$195) -> 0 | Z57: =_xlfn.XLOOKUP($A57,dw_scores_all_sequences_40_500n!$A$2:$A$195,dw_scores_all_sequences_40_500n!H$2:H$195) -> 0 | AA57: =_xlfn.XLOOKUP($A57,dw_scores_all_sequences_40_500n!$A$2:$A$195,dw_scores_all_sequences_40_500n!I$2:I$195) -> 0 | AB57: =_xlfn.XLOOKUP($A57,dw_scores_all_sequences_40_500n!$A$2:$A$195,dw_scores_all_sequences_40_500n!J$2:J$195) -> 0 | ... IH57: =_xlfn.XLOOKUP($A57,dw_scores_all_sequences_40_500n!$A$2:$A$195,dw_scores_all_sequences_40_500n!HP$2:HP$195) -> 0
A58: pair_1682_fail_gate | B58: 1682 | C58: fail_gate | D58: =IF(C58="Binder", 1,0) -> 0 | F58: MASELTPEERSELKNSIAEFHTYQLDPGSCSSLHAQRIHAPPELVWSIVRRFDKPQTYAHFIKSCSVEQNFEMRVGCTRDLIAISGLPANTATERLDILDDERRVTGASLIGGEHRLTNEKWVTTVHRFEKENRIWTVVLRSYVVDMPEGNSEDDTRMYVDTFFKLGLQKLATVAEAMARN | G58: =_xlfn.XLOOKUP(A58,rmsf_ca_per_seq_summary_500ns!$A$2:$A$195,rmsf_ca_per_seq_summary_500ns!$C$2:$C$195) -> 0.86929 | H58: =_xlfn.XLOOKUP(A58,rmsf_ca_per_seq_summary_500ns!$A$2:$A$195,rmsf_ca_per_seq_summary_500ns!$D$2:$D$195) -> 0.37805 | I58: =_xlfn.XLOOKUP($A58,gate_latch_rmsd_to_ref_500ns!$A$2:$A$195,gate_latch_rmsd_to_ref_500ns!$I$2:$I$195) -> 4.0711 | J58: =_xlfn.XLOOKUP($A58,gate_latch_rmsd_to_ref_500ns!$A$2:$A$195,gate_latch_rmsd_to_ref_500ns!$M$2:$M$195) -> 2.0191 | K58: =_xlfn.XLOOKUP($A58,contact_features_all_40_500ns!$A$2:$A$195,contact_features_all_40_500ns!$E$2:$E$195) -> 1.1220347 | L58: =_xlfn.XLOOKUP($A58,contact_features_all_40_500ns!$A$2:$A$195,contact_features_all_40_500ns!$F$2:$F$195) -> 0.6704657 | M58: =_xlfn.XLOOKUP($A58,contact_features_all_40_500ns!$A$2:$A$195,contact_features_all_40_500ns!$H$2:$H$195) -> 1.966577 | N58: =_xlfn.XLOOKUP($A58,contact_features_all_40_500ns!$A$2:$A$195,contact_features_all_40_500ns!$I$2:$I$195) -> 0.40822798 | O58: =_xlfn.XLOOKUP($A58,contact_features_all_40_500ns!$A$2:$A$195,contact_features_all_40_500ns!$K$2:$K$195) -> 1.6263145 | P58: =_xlfn.XLOOKUP($A58,contact_features_all_40_500ns!$A$2:$A$195,contact_features_all_40_500ns!$L$2:$L$195) -> 0.60963071 | Q58: =_xlfn.XLOOKUP($A58,rmsf_single_residues_per_seq_50!$A$2:$A$195,rmsf_single_residues_per_seq_50!$E$2:$E$195) -> 2.451 | R58: =_xlfn.XLOOKUP($A58,rmsf_single_residues_per_seq_50!$A$2:$A$195,rmsf_single_residues_per_seq_50!$G$2:$G$195) -> 0.541 | S58: =_xlfn.XLOOKUP($A58,rmsf_single_residues_per_seq_50!$A$2:$A$195,rmsf_single_residues_per_seq_50!$H$2:$H$195) -> 0.934 | T58: =_xlfn.XLOOKUP($A58,rmsf_single_residues_per_seq_50!$A$2:$A$195,rmsf_single_residues_per_seq_50!$I$2:$I$195) -> 1.638 | U58: =_xlfn.XLOOKUP($A58,dw_scores_all_sequences_40_500n!$A$2:$A$195,dw_scores_all_sequences_40_500n!C$2:C$195) -> 0 | V58: =_xlfn.XLOOKUP($A58,dw_scores_all_sequences_40_500n!$A$2:$A$195,dw_scores_all_sequences_40_500n!D$2:D$195) -> 0 | W58: =_xlfn.XLOOKUP($A58,dw_scores_all_sequences_40_500n!$A$2:$A$195,dw_scores_all_sequences_40_500n!E$2:E$195) -> 0 | X58: =_xlfn.XLOOKUP($A58,dw_scores_all_sequences_40_500n!$A$2:$A$195,dw_scores_all_sequences_40_500n!F$2:F$195) -> 0 | Y58: =_xlfn.XLOOKUP($A58,dw_scores_all_sequences_40_500n!$A$2:$A$195,dw_scores_all_sequences_40_500n!G$2:G$195) -> 0 | Z58: =_xlfn.XLOOKUP($A58,dw_scores_all_sequences_40_500n!$A$2:$A$195,dw_scores_all_sequences_40_500n!H$2:H$195) -> 0 | AA58: =_xlfn.XLOOKUP($A58,dw_scores_all_sequences_40_500n!$A$2:$A$195,dw_scores_all_sequences_40_500n!I$2:I$195) -> 0 | AB58: =_xlfn.XLOOKUP($A58,dw_scores_all_sequences_40_500n!$A$2:$A$195,dw_scores_all_sequences_40_500n!J$2:J$195) -> 0 | ... IH58: =_xlfn.XLOOKUP($A58,dw_scores_all_sequences_40_500n!$A$2:$A$195,dw_scores_all_sequences_40_500n!HP$2:HP$195) -> 0
... A128: nonb_019_nb | B128: 019 | C128: nonbinder | D128: =IF(C128="Binder", 1,0) -> 0 | F128: MASELTPEERSELKNSIAEFHTYQLDPGSCSSLHAQRIHAPPELVWSIVRRFDKPQTYRHFIKSCSVEQNFEMRVGCTRDLIVISGLPANTATVRLDILDDERRVTGASVIGGEHRVTNLKTVTTVHRFEKENRIWTVVLKSYVVDMPEGNSEDDTRMILDTGVKLILQKLATVAEAMARN | G128: =_xlfn.XLOOKUP(A128,rmsf_ca_per_seq_summary_500ns!$A$2:$A$195,rmsf_ca_per_seq_summary_500ns!$C$2:$C$195) -> 0.286 | H128: =_xlfn.XLOOKUP(A128,rmsf_ca_per_seq_summary_500ns!$A$2:$A$195,rmsf_ca_per_seq_summary_500ns!$D$2:$D$195) -> 0.05013 | I128: =_xlfn.XLOOKUP($A128,gate_latch_rmsd_to_ref_500ns!$A$2:$A$195,gate_latch_rmsd_to_ref_500ns!$I$2:$I$195) -> 2.5706 | J128: =_xlfn.XLOOKUP($A128,gate_latch_rmsd_to_ref_500ns!$A$2:$A$195,gate_latch_rmsd_to_ref_500ns!$M$2:$M$195) -> 2.1181 | K128: =_xlfn.XLOOKUP($A128,contact_features_all_40_500ns!$A$2:$A$195,contact_features_all_40_500ns!$E$2:$E$195) -> 3.086736773457243 | L128: =_xlfn.XLOOKUP($A128,contact_features_all_40_500ns!$A$2:$A$195,contact_features_all_40_500ns!$F$2:$F$195) -> 0.5392941587847162 | M128: =_xlfn.XLOOKUP($A128,contact_features_all_40_500ns!$A$2:$A$195,contact_features_all_40_500ns!$H$2:$H$195) -> 1.255645227031874 | N128: =_xlfn.XLOOKUP($A128,contact_features_all_40_500ns!$A$2:$A$195,contact_features_all_40_500ns!$I$2:$I$195) -> 0.6477064506453153 | O128: =_xlfn.XLOOKUP($A128,contact_features_all_40_500ns!$A$2:$A$195,contact_features_all_40_500ns!$K$2:$K$195) -> 0.0011412733 | P128: =_xlfn.XLOOKUP($A128,contact_features_all_40_500ns!$A$2:$A$195,contact_features_all_40_500ns!$L$2:$L$195) -> 0.033763454 | Q128: =_xlfn.XLOOKUP($A128,rmsf_single_residues_per_seq_50!$A$2:$A$195,rmsf_single_residues_per_seq_50!$E$2:$E$195) -> 0.901 | R128: =_xlfn.XLOOKUP($A128,rmsf_single_residues_per_seq_50!$A$2:$A$195,rmsf_single_residues_per_seq_50!$G$2:$G$195) -> 1.493 | S128: =_xlfn.XLOOKUP($A128,rmsf_single_residues_per_seq_50!$A$2:$A$195,rmsf_single_residues_per_seq_50!$H$2:$H$195) -> 0.667 | T128: =_xlfn.XLOOKUP($A128,rmsf_single_residues_per_seq_50!$A$2:$A$195,rmsf_single_residues_per_seq_50!$I$2:$I$195) -> 0.659 | U128: =_xlfn.XLOOKUP($A128,dw_scores_all_sequences_40_500n!$A$2:$A$195,dw_scores_all_sequences_40_500n!C$2:C$195) -> 0 | V128: =_xlfn.XLOOKUP($A128,dw_scores_all_sequences_40_500n!$A$2:$A$195,dw_scores_all_sequences_40_500n!D$2:D$195) -> 0 | W128: =_xlfn.XLOOKUP($A128,dw_scores_all_sequences_40_500n!$A$2:$A$195,dw_scores_all_sequences_40_500n!E$2:E$195) -> 0 | X128: =_xlfn.XLOOKUP($A128,dw_scores_all_sequences_40_500n!$A$2:$A$195,dw_scores_all_sequences_40_500n!F$2:F$195) -> 0 | Y128: =_xlfn.XLOOKUP($A128,dw_scores_all_sequences_40_500n!$A$2:$A$195,dw_scores_all_sequences_40_500n!G$2:G$195) -> 0 | Z128: =_xlfn.XLOOKUP($A128,dw_scores_all_sequences_40_500n!$A$2:$A$195,dw_scores_all_sequences_40_500n!H$2:H$195) -> 0 | AA128: =_xlfn.XLOOKUP($A128,dw_scores_all_sequences_40_500n!$A$2:$A$195,dw_scores_all_sequences_40_500n!I$2:I$195) -> 0 | AB128: =_xlfn.XLOOKUP($A128,dw_scores_all_sequences_40_500n!$A$2:$A$195,dw_scores_all_sequences_40_500n!J$2:J$195) -> 0 | ... IH128: =_xlfn.XLOOKUP($A128,dw_scores_all_sequences_40_500n!$A$2:$A$195,dw_scores_all_sequences_40_500n!HP$2:HP$195) -> 0

Sheet dw_scores_all_sequences_40_500n
A1: seq_id | B1: seq_type | C1: D_28 | D1: W_28 | E1: D_30 | F1: W_30 | G1: D_32 | H1: W_32 | I1: D_33 | J1: W_33 | K1: D_34 | L1: W_34 | M1: D_35 | N1: W_35 | O1: D_36 | P1: W_36 | Q1: D_46 | R1: W_46 | S1: D_48 | T1: W_48 | U1: D_49 | V1: W_49 | W1: D_50 | X1: W_50 | Y1: D_51 | Z1: W_51 | AA1: D_52 | AB1: W_52 | AC1: D_53 | AD1: W_53 | AE1: D_54 | AF1: W_54 | AG1: D_55 | AH1: W_55 | AI1: D_56 | AJ1: W_56 | AK1: D_57 | AL1: W_57 | AM1: D_58 | AN1: W_58 | AO1: D_59 | AP1: W_59 | AQ1: D_60 | AR1: W_60 | AS1: D_61 | AT1: W_61 | AU1: D_62 | AV1: W_62 | AW1: D_64 | AX1: W_64 | AY1: D_65 | AZ1: W_65 | BA1: D_66 | BB1: W_66 | BC1: D_67 | BD1: W_67 | BE1: D_69 | BF1: W_69 | BG1: D_71 | BH1: W_71 | BI1: D_73 | BJ1: W_73 | BK1: D_76 | BL1: W_76 | BM1: D_77 | BN1: W_77 | BO1: D_78 | BP1: W_78 | BQ1: D_79 | BR1: W_79 | BS1: D_80 | BT1: W_80 | BU1: D_81 | BV1: W_81 | BW1: D_82 | BX1: W_82 | BY1: D_83 | BZ1: W_83 | CA1: D_84 | CB1: W_84 | CC1: D_85 | CD1: W_85 | CE1: D_86 | CF1: W_86 | CG1: D_87 | CH1: W_87 | CI1: D_88 | CJ1: W_88 | CK1: D_89 | CL1: W_89 | CM1: D_90 | CN1: W_90 | CO1: D_91 | CP1: W_91 | CQ1: D_92 | CR1: W_92 | CS1: D_93 | CT1: W_93 | CU1: D_94 | CV1: W_94 | CW1: D_95 | CX1: W_95 | CY1: D_96 | CZ1: W_96 | DA1: D_97 | DB1: W_97 | DC1: D_98 | DD1: W_98 | DE1: D_99 | DF1: W_99 | DG1: D_105 | DH1: W_105 | DI1: D_106 | DJ1: W_106 | DK1: D_107 | DL1: W_107 | DM1: D_108 | DN1: W_108 | DO1: D_109 | DP1: W_109 | DQ1: D_110 | DR1: W_110 | DS1: D_111 | DT1: W_111 | DU1: D_112 | DV1: W_112 | DW1: D_113 | DX1: W_113 | DY1: D_114 | DZ1: W_114 | EA1: D_115 | EB1: W_115 | EC1: D_116 | ED1: W_116 | EE1: D_117 | EF1: W_117 | EG1: D_118 | EH1: W_118 | EI1: D_119 | EJ1: W_119 | EK1: D_120 | EL1: W_120 | EM1: D_121 | EN1: W_121 | EO1: D_122 | EP1: W_122 | EQ1: D_123 | ER1: W_123 | ES1: D_124 | ET1: W_124 | EU1: D_125 | EV1: W_125 | EW1: D_126 | EX1: W_126 | EY1: D_139 | EZ1: W_139 | FA1: D_140 | FB1: W_140 | FC1: D_141 | FD1: W_141 | FE1: D_142 | FF1: W_142 | FG1: D_143 | FH1: W_143 | FI1: D_144 | FJ1: W_144 | FK1: D_145 | FL1: W_145 | FM1: D_146 | FN1: W_146 | FO1: D_147 | FP1: W_147 | FQ1: D_148 | FR1: W_148 | FS1: D_149 | FT1: W_149 | FU1: D_150 | FV1: W_150 | FW1: D_151 | FX1: W_151 | FY1: D_152 | FZ1: W_152 | GA1: D_153 | GB1: W_153 | GC1: D_154 | GD1: W_154 | GE1: D_155 | GF1: W_155 | GG1: D_156 | GH1: W_156 | GI1: D_157 | GJ1: W_157 | GK1: D_158 | GL1: W_158 | GM1: D_159 | GN1: W_159 | GO1: D_160 | GP1: W_160 | GQ1: D_161 | GR1: W_161 | GS1: D_162 | GT1: W_162 | GU1: D_163 | GV1: W_163 | GW1: D_164 | GX1: W_164 | GY1: D_165 | GZ1: W_165 | HA1: D_166 | HB1: W_166 | HC1: D_167 | HD1: W_167 | HE1: D_168 | HF1: W_168 | HG1: D_169 | HH1: W_169 | HI1: D_170 | HJ1: W_170 | HK1: D_171 | HL1: W_171 | HM1: D_173 | HN1: W_173 | HO1: D_174 | HP1: W_174
A2: seq16_binder | B2: Binder | C2: 0 | D2: 0 | E2: 0 | F2: 0 | G2: 0 | H2: 0 | I2: 0 | J2: 0 | K2: 0 | L2: 0 | M2: 0 | N2: 0 | O2: 0 | P2: 0 | Q2: 0 | R2: 0 | S2: 0 | T2: 0 | U2: 0 | V2: 0.2209 | W2: 0 | X2: 0.0147 | Y2: 0 | Z2: 0.1964 | AA2: 0.097 | AB2: 0.3081 | AC2: 0 | AD2: 0 | AE2: 0 | AF2: 0 | AG2: 0.194 | AH2: 0.2421 | AI2: 0 | AJ2: 0 | AK2: 0 | AL2: 0 | AM2: 0.5713 | AN2: 0.6838 | AO2: 0.546 | AP2: 0.1263 | AQ2: 0 | AR2: 0 | AS2: 0.8525 | AT2: 0.1622 | AU2: 0.1084 | AV2: 0.1361 | AW2: 0 | AX2: 0 | AY2: 0 | AZ2: 0 | BA2: 0 | BB2: 0 | BC2: 0 | BD2: 0 | BE2: 0 | BF2: 0 | BG2: 0 | BH2: 0 | BI2: 0 | BJ2: 0 | BK2: 0 | BL2: 0 | BM2: 0 | BN2: 0 | BO2: 0 | BP2: 0 | BQ2: 0.7457 | BR2: 0.5216 | BS2: 0 | BT2: 0 | BU2: 0.3635 | BV2: 0.1964 | BW2: 0 | BX2: 0 | BY2: 0.7042 | BZ2: 0.0016 | CA2: 0 | CB2: 0 | CC2: 0 | CD2: 0 | CE2: 0 | CF2: 0 | CG2: 0.2502 | CH2: 0.0954 | CI2: 0.5159 | CJ2: 0.6781 | CK2: 0.458 | CL2: 0.1736 | CM2: 0 | CN2: 0 | CO2: 0 | CP2: 0 | CQ2: 0.6944 | CR2: 0.22 | CS2: 0 | CT2: 0 | CU2: 0.3643 | CV2: 0.1573 | CW2: 0 | CX2: 0 | CY2: 0 | CZ2: 0.044 | DA2: 0 | DB2: 0 | DC2: 0 | DD2: 0 | DE2: 0 | DF2: 0 | DG2: 0 | DH2: 0 | DI2: 0 | DJ2: 0.3814 | DK2: 0 | DL2: 0.2502 | DM2: 0.4474 | DN2: 0.3602 | DO2: 0.0033 | DP2: 0.0008 | DQ2: 0.2926 | DR2: 0.035 | DS2: 0 | DT2: 0 | DU2: 0 | DV2: 0 | DW2: 0 | DX2: 0.0016 | DY2: 0.0073 | DZ2: 0.1141 | EA2: 0.5656 | EB2: 0.6659 | EC2: 0.0913 | ED2: 0.6153 | EE2: 0.1614 | EF2: 0.6341 | EG2: 0 | EH2: 0 | EI2: 0 | EJ2: 0 | EK2: 0.3814 | EL2: 0.022 | EM2: 0 | EN2: 0.0016 | EO2: 0.8329 | EP2: 0.3537 | EQ2: 0 | ER2: 0.1801 | ES2: 0.1271 | ET2: 0.4939 | EU2: 0 | EV2: 0 | EW2: 0 | EX2: 0 | EY2: 0 | EZ2: 0 | FA2: 0 | FB2: 0 | FC2: 0.6496 | FD2: 0.5966 | FE2: 0.0016 | FF2: 0.0008 | FG2: 0.0024 | FH2: 0.0114 | FI2: 0 | FJ2: 0 | FK2: 0 | FL2: 0 | FM2: 0 | FN2: 0 | FO2: 0 | FP2: 0.0098 | FQ2: 0 | FR2: 0.0016 | FS2: 0 | FT2: 0 | FU2: 0 | FV2: 0 | FW2: 0 | FX2: 0.0073 | FY2: 0 | FZ2: 0 | GA2: 0 | GB2: 0 | GC2: 0 | GD2: 0 | GE2: 0 | GF2: 0.0041 | GG2: 0 | GH2: 0.0799 | GI2: 0 | GJ2: 0 | GK2: 0 | GL2: 0 | GM2: 0.5729 | GN2: 0.4099 | GO2: 0.6447 | GP2: 0.0456 | GQ2: 0 | GR2: 0 | GS2: 0 | GT2: 0.11 | GU2: 0.3407 | GV2: 0.1597 | GW2: 0.0285 | GX2: 0.013 | GY2: 0 | GZ2: 0 | HA2: 0 | HB2: 0.0081 | HC2: 0.7294 | HD2: 0.11 | HE2: 0 | HF2: 0 | HG2: 0 | HH2: 0 | HI2: 0 | HJ2: 0 | HK2: 0 | HL2: 0.0057 | HM2: 0 | HN2: 0 | HO2: 0 | HP2: 0
A3: seq14_binder | B3: Binder | C3: 0 | D3: 0 | E3: 0 | F3: 0 | G3: 0 | H3: 0 | I3: 0 | J3: 0 | K3: 0 | L3: 0 | M3: 0 | N3: 0 | O3: 0 | P3: 0 | Q3: 0 | R3: 0 | S3: 0 | T3: 0 | U3: 0 | V3: 0.7465 | W3: 0 | X3: 0.1932 | Y3: 0.0147 | Z3: 0.6854 | AA3: 0.5623 | AB3: 0.652 | AC3: 0 | AD3: 0 | AE3: 0 | AF3: 0.0016 | AG3: 0.6993 | AH3: 0.6121 | AI3: 0 | AJ3: 0 | AK3: 0 | AL3: 0.0008 | AM3: 0.3969 | AN3: 0.8688 | AO3: 0.4499 | AP3: 0.2918 | AQ3: 0 | AR3: 0 | AS3: 0.7775 | AT3: 0.2143 | AU3: 0.0872 | AV3: 0 | AW3: 0 | AX3: 0 | AY3: 0 | AZ3: 0 | BA3: 0 | BB3: 0 | BC3: 0 | BD3: 0 | BE3: 0 | BF3: 0 | BG3: 0 | BH3: 0 | BI3: 0 | BJ3: 0 | BK3: 0 | BL3: 0 | BM3: 0 | BN3: 0 | BO3: 0 | BP3: 0 | BQ3: 0.9544 | BR3: 0.3521 | BS3: 0 | BT3: 0 | BU3: 0.2396 | BV3: 0 | BW3: 0 | BX3: 0 | BY3: 0.5811 | BZ3: 0.0008 | CA3: 0 | CB3: 0 | CC3: 0 | CD3: 0 | CE3: 0 | CF3: 0 | CG3: 0.1834 | CH3: 0.0122 | CI3: 0.8663 | CJ3: 0.1483 | CK3: 0.85 | CL3: 0.1019 | CM3: 0 | CN3: 0 | CO3: 0 | CP3: 0.0008 | CQ3: 0.5322 | CR3: 0.2575 | CS3: 0 | CT3: 0 | CU3: 0.7653 | CV3: 0.0016 | CW3: 0 | CX3: 0 | CY3: 0 | CZ3: 0.1663 | DA3: 0 | DB3: 0 | DC3: 0 | DD3: 0.0008 | DE3: 0 | DF3: 0 | DG3: 0 | DH3: 0 | DI3: 0 | DJ3: 0.577 | DK3: 0 | DL3: 0.3993 | DM3: 0.1548 | DN3: 0.4662 | DO3: 0 | DP3: 0.0008 | DQ3: 0.0057 | DR3: 0.0024 | DS3: 0 | DT3: 0 | DU3: 0 | DV3: 0 | DW3: 0 | DX3: 0 | DY3: 0 | DZ3: 0 | EA3: 0.2445 | EB3: 0.2673 | EC3: 0.4246 | ED3: 0.1312 | EE3: 0.7335 | EF3: 0.2592 | EG3: 0 | EH3: 0 | EI3: 0 | EJ3: 0 | EK3: 0.3415 | EL3: 0.1597 | EM3: 0 | EN3: 0 | EO3: 0.6838 | EP3: 0.5273 | EQ3: 0 | ER3: 0.0636 | ES3: 0.0016 | ET3: 0.3977 | EU3: 0 | EV3: 0 | EW3: 0 | EX3: 0 | EY3: 0 | EZ3: 0 | FA3: 0 | FB3: 0 | FC3: 0.0139 | FD3: 0.5428 | FE3: 0 | FF3: 0.0073 | FG3: 0 | FH3: 0.0375 | FI3: 0 | FJ3: 0 | FK3: 0 | FL3: 0 | FM3: 0 | FN3: 0 | FO3: 0 | FP3: 0 | FQ3: 0 | FR3: 0 | FS3: 0 | FT3: 0 | FU3: 0 | FV3: 0 | FW3: 0 | FX3: 0 | FY3: 0 | FZ3: 0 | GA3: 0 | GB3: 0 | GC3: 0 | GD3: 0 | GE3: 0 | GF3: 0 | GG3: 0 | GH3: 0 | GI3: 0 | GJ3: 0 | GK3: 0 | GL3: 0 | GM3: 0.7115 | GN3: 0.0595 | GO3: 0.9193 | GP3: 0.815 | GQ3: 0 | GR3: 0.4556 | GS3: 0.7734 | GT3: 0.7767 | GU3: 0 | GV3: 0.128 | GW3: 0.0212 | GX3: 0.6104 | GY3: 0 | GZ3: 0 | HA3: 0 | HB3: 0 | HC3: 0.132 | HD3: 0.4018 | HE3: 0 | HF3: 0 | HG3: 0 | HH3: 0 | HI3: 0 | HJ3: 0 | HK3: 0 | HL3: 0 | HM3: 0 | HN3: 0 | HO3: 0 | HP3: 0
A4: seq10_binder | B4: Binder | C4: 0 | D4: 0 | E4: 0 | F4: 0 | G4: 0 | H4: 0 | I4: 0 | J4: 0 | K4: 0 | L4: 0 | M4: 0 | N4: 0 | O4: 0 | P4: 0 | Q4: 0 | R4: 0 | S4: 0 | T4: 0 | U4: 0 | V4: 0.3708 | W4: 0 | X4: 0.022 | Y4: 0.0016 | Z4: 0.3537 | AA4: 0.0407 | AB4: 0.5281 | AC4: 0 | AD4: 0 | AE4: 0 | AF4: 0.0016 | AG4: 0.0978 | AH4: 0.4262 | AI4: 0 | AJ4: 0 | AK4: 0 | AL4: 0 | AM4: 0.2421 | AN4: 0.784 | AO4: 0.6487 | AP4: 0.3521 | AQ4: 0 | AR4: 0 | AS4: 0.903 | AT4: 0.1035 | AU4: 0.0579 | AV4: 0.4026 | AW4: 0 | AX4: 0 | AY4: 0 | AZ4: 0 | BA4: 0 | BB4: 0 | BC4: 0 | BD4: 0 | BE4: 0 | BF4: 0 | BG4: 0 | BH4: 0 | BI4: 0 | BJ4: 0 | BK4: 0 | BL4: 0 | BM4: 0 | BN4: 0 | BO4: 0 | BP4: 0 | BQ4: 0.3276 | BR4: 0.7946 | BS4: 0 | BT4: 0 | BU4: 0.1051 | BV4: 0.5803 | BW4: 0 | BX4: 0 | BY4: 0.4311 | BZ4: 0.0709 | CA4: 0 | CB4: 0.0008 | CC4: 0 | CD4: 0 | CE4: 0 | CF4: 0 | CG4: 0.2657 | CH4: 0.176 | CI4: 0.2567 | CJ4: 0.348 | CK4: 0.132 | CL4: 0.0187 | CM4: 0 | CN4: 0 | CO4: 0 | CP4: 0 | CQ4: 0.7677 | CR4: 0.4205 | CS4: 0 | CT4: 0 | CU4: 0.1084 | CV4: 0.4482 | CW4: 0 | CX4: 0 | CY4: 0 | CZ4: 0.0603 | DA4: 0 | DB4: 0 | DC4: 0 | DD4: 0 | DE4: 0 | DF4: 0 | DG4: 0 | DH4: 0 | DI4: 0.0008 | DJ4: 0.6373 | DK4: 0 | DL4: 0.5069 | DM4: 0.4482 | DN4: 0.4784 | DO4: 0.0008 | DP4: 0.0016 | DQ4: 0.198 | DR4: 0.1198 | DS4: 0 | DT4: 0 | DU4: 0 | DV4: 0.0033 | DW4: 0 | DX4: 0 | DY4: 0 | DZ4: 0.0065 | EA4: 0.555 | EB4: 0.2396 | EC4: 0.0065 | ED4: 0.1557 | EE4: 0.141 | EF4: 0.1614 | EG4: 0 | EH4: 0.0008 | EI4: 0 | EJ4: 0 | EK4: 0.6316 | EL4: 0.0872 | EM4: 0 | EN4: 0 | EO4: 0.7196 | EP4: 0.5746 | EQ4: 0 | ER4: 0.4588 | ES4: 0.0538 | ET4: 0.7718 | EU4: 0 | EV4: 0 | EW4: 0 | EX4: 0 | EY4: 0 | EZ4: 0 | FA4: 0 | FB4: 0 | FC4: 0.7319 | FD4: 0.8835 | FE4: 0 | FF4: 0 | FG4: 0 | FH4: 0.0302 | FI4: 0 | FJ4: 0 | FK4: 0 | FL4: 0.0016 | FM4: 0 | FN4: 0 | FO4: 0 | FP4: 0 | FQ4: 0 | FR4: 0 | FS4: 0 | FT4: 0 | FU4: 0 | FV4: 0 | FW4: 0 | FX4: 0 | FY4: 0 | FZ4: 0 | GA4: 0 | GB4: 0 | GC4: 0 | GD4: 0 | GE4: 0 | GF4: 0 | GG4: 0 | GH4: 0.0008 | GI4: 0 | GJ4: 0.0448 | GK4: 0 | GL4: 0.3643 | GM4: 0.8248 | GN4: 0.6218 | GO4: 0.5738 | GP4: 0.2942 | GQ4: 0.0489 | GR4: 0.2934 | GS4: 0.5933 | GT4: 0.5273 | GU4: 0.8109 | GV4: 0.5297 | GW4: 0.0253 | GX4: 0.436 | GY4: 0 | GZ4: 0.0008 | HA4: 0.0016 | HB4: 0.0318 | HC4: 0.4947 | HD4: 0.4148 | HE4: 0 | HF4: 0 | HG4: 0 | HH4: 0 | HI4: 0 | HJ4: 0 | HK4: 0 | HL4: 0 | HM4: 0 | HN4: 0 | HO4: 0 | HP4: 0
A5: seq17_binder | B5: Binder | C5: 0 | D5: 0 | E5: 0 | F5: 0 | G5: 0 | H5: 0 | I5: 0 | J5: 0 | K5: 0 | L5: 0 | M5: 0 | N5: 0 | O5: 0 | P5: 0 | Q5: 0 | R5: 0 | S5: 0 | T5: 0 | U5: 0.0033 | V5: 0.5314 | W5: 0 | X5: 0.0554 | Y5: 0.0114 | Z5: 0.0725 | AA5: 0.498 | AB5: 0.3839 | AC5: 0 | AD5: 0 | AE5: 0 | AF5: 0 | AG5: 0.7465 | AH5: 0.0065 | AI5: 0 | AJ5: 0 | AK5: 0 | AL5: 0 | AM5: 0.9071 | AN5: 0.6064 | AO5: 0.3643 | AP5: 0.0171 | AQ5: 0 | AR5: 0.0179 | AS5: 0.7384 | AT5: 0.0733 | AU5: 0.4393 | AV5: 0.0008 | AW5: 0 | AX5: 0 | AY5: 0 | AZ5: 0 | BA5: 0 | BB5: 0 | BC5: 0 | BD5: 0 | BE5: 0 | BF5: 0 | BG5: 0 | BH5: 0 | BI5: 0 | BJ5: 0 | BK5: 0 | BL5: 0 | BM5: 0 | BN5: 0 | BO5: 0 | BP5: 0 | BQ5: 0.9552 | BR5: 0.0954 | BS5: 0 | BT5: 0 | BU5: 0.0342 | BV5: 0 | BW5: 0 | BX5: 0 | BY5: 0.683 | BZ5: 0.0179 | CA5: 0 | CB5: 0 | CC5: 0 | CD5: 0 | CE5: 0 | CF5: 0 | CG5: 0.1785 | CH5: 0.0147 | CI5: 0.2323 | CJ5: 0.1255 | CK5: 0.2885 | CL5: 0.0807 | CM5: 0 | CN5: 0 | CO5: 0 | CP5: 0.0073 | CQ5: 0.7294 | CR5: 0.1426 | CS5: 0 | CT5: 0 | CU5: 0.035 | CV5: 0 | CW5: 0 | CX5: 0 | CY5: 0 | CZ5: 0.0416 | DA5: 0 | DB5: 0 | DC5: 0 | DD5: 0 | DE5: 0 | DF5: 0 | DG5: 0 | DH5: 0 | DI5: 0 | DJ5: 0.5811 | DK5: 0 | DL5: 0.0228 | DM5: 0.7824 | DN5: 0.1891 | DO5: 0 | DP5: 0 | DQ5: 0.5493 | DR5: 0.37 | DS5: 0 | DT5: 0.0008 | DU5: 0 | DV5: 0.0041 | DW5: 0 | DX5: 0.0049 | DY5: 0 | DZ5: 0.0073 | EA5: 0.7873 | EB5: 0.6259 | EC5: 0 | ED5: 0.0823 | EE5: 0.3945 | EF5: 0.5273 | EG5: 0 | EH5: 0.3725 | EI5: 0 | EJ5: 0.3146 | EK5: 0.9633 | EL5: 0.5868 | EM5: 0 | EN5: 0 | EO5: 0.1027 | EP5: 0.1769 | EQ5: 0 | ER5: 0.0326 | ES5: 0.0024 | ET5: 0.1728 | EU5: 0 | EV5: 0 | EW5: 0 | EX5: 0 | EY5: 0 | EZ5: 0 | FA5: 0 | FB5: 0 | FC5: 0.7017 | FD5: 0.2282 | FE5: 0 | FF5: 0 | FG5: 0 | FH5: 0.0293 | FI5: 0 | FJ5: 0 | FK5: 0 | FL5: 0.0644 | FM5: 0 | FN5: 0 | FO5: 0 | FP5: 0 | FQ5: 0 | FR5: 0 | FS5: 0 | FT5: 0 | FU5: 0 | FV5: 0 | FW5: 0 | FX5: 0.0008 | FY5: 0 | FZ5: 0 | GA5: 0 | GB5: 0 | GC5: 0 | GD5: 0 | GE5: 0 | GF5: 0 | GG5: 0 | GH5: 0.0041 | GI5: 0 | GJ5: 0 | GK5: 0 | GL5: 0 | GM5: 0.6324 | GN5: 0.0742 | GO5: 0.4996 | GP5: 0.0375 | GQ5: 0 | GR5: 0 | GS5: 0.0041 | GT5: 0.0652 | GU5: 0.7563 | GV5: 0.2445 | GW5: 0 | GX5: 0.1222 | GY5: 0 | GZ5: 0 | HA5: 0 | HB5: 0.0016 | HC5: 0.4898 | HD5: 0.0725 | HE5: 0 | HF5: 0 | HG5: 0 | HH5: 0 | HI5: 0 | HJ5: 0 | HK5: 0 | HL5: 0 | HM5: 0 | HN5: 0 | HO5: 0 | HP5: 0
A6: seq39_binder | B6: Binder | C6: 0 | D6: 0 | E6: 0 | F6: 0 | G6: 0 | H6: 0 | I6: 0 | J6: 0 | K6: 0 | L6: 0 | M6: 0 | N6: 0 | O6: 0 | P6: 0 | Q6: 0 | R6: 0 | S6: 0 | T6: 0 | U6: 0 | V6: 0.0285 | W6: 0 | X6: 0.0008 | Y6: 0.0179 | Z6: 0.0155 | AA6: 0.1573 | AB6: 0.031 | AC6: 0 | AD6: 0 | AE6: 0 | AF6: 0 | AG6: 0.1858 | AH6: 0.1508 | AI6: 0 | AJ6: 0 | AK6: 0 | AL6: 0 | AM6: 0.2429 | AN6: 0.1801 | AO6: 0.3178 | AP6: 0.3276 | AQ6: 0 | AR6: 0.0147 | AS6: 0.8541 | AT6: 0.2421 | AU6: 0.4002 | AV6: 0.1394 | AW6: 0 | AX6: 0 | AY6: 0 | AZ6: 0 | BA6: 0 | BB6: 0 | BC6: 0 | BD6: 0 | BE6: 0 | BF6: 0 | BG6: 0 | BH6: 0 | BI6: 0 | BJ6: 0 | BK6: 0 | BL6: 0 | BM6: 0 | BN6: 0 | BO6: 0 | BP6: 0 | BQ6: 0.7865 | BR6: 0.5599 | BS6: 0 | BT6: 0 | BU6: 0.652 | BV6: 0.1516 | BW6: 0 | BX6: 0 | BY6: 0.5876 | BZ6: 0.0244 | CA6: 0.0024 | CB6: 0.0065 | CC6: 0 | CD6: 0.0008 | CE6: 0.0065 | CF6: 0.057 | CG6: 0.3912 | CH6: 0.2657 | CI6: 0.502 | CJ6: 0.4735 | CK6: 0.1915 | CL6: 0.1369 | CM6: 0 | CN6: 0 | CO6: 0 | CP6: 0 | CQ6: 0.7123 | CR6: 0.3529 | CS6: 0 | CT6: 0 | CU6: 0.4434 | CV6: 0.2755 | CW6: 0 | CX6: 0 | CY6: 0 | CZ6: 0.0024 | DA6: 0 | DB6: 0 | DC6: 0 | DD6: 0 | DE6: 0 | DF6: 0 | DG6: 0 | DH6: 0 | DI6: 0.0791 | DJ6: 0.0456 | DK6: 0.0342 | DL6: 0.0212 | DM6: 0.2315 | DN6: 0.4197 | DO6: 0.0041 | DP6: 0.194 | DQ6: 0.2787 | DR6: 0.295 | DS6: 0 | DT6: 0 | DU6: 0 | DV6: 0.0041 | DW6: 0 | DX6: 0.0033 | DY6: 0 | DZ6: 0.0016 | EA6: 0.4499 | EB6: 0.4311 | EC6: 0.0008 | ED6: 0.2119 | EE6: 0.2983 | EF6: 0.3985 | EG6: 0 | EH6: 0.0236 | EI6: 0 | EJ6: 0.0155 | EK6: 0.9209 | EL6: 0.6235 | EM6: 0 | EN6: 0.0962 | EO6: 0.2298 | EP6: 0.3627 | EQ6: 0.1198 | ER6: 0.0293 | ES6: 0.1361 | ET6: 0.0742 | EU6: 0 | EV6: 0 | EW6: 0 | EX6: 0 | EY6: 0 | EZ6: 0 | FA6: 0 | FB6: 0 | FC6: 0.2347 | FD6: 0.3757 | FE6: 0 | FF6: 0.0098 | FG6: 0 | FH6: 0.0513 | FI6: 0 | FJ6: 0 | FK6: 0 | FL6: 0.0057 | FM6: 0 | FN6: 0 | FO6: 0 | FP6: 0 | FQ6: 0 | FR6: 0 | FS6: 0 | FT6: 0 | FU6: 0 | FV6: 0 | FW6: 0 | FX6: 0 | FY6: 0 | FZ6: 0 | GA6: 0 | GB6: 0 | GC6: 0 | GD6: 0 | GE6: 0 | GF6: 0 | GG6: 0 | GH6: 0.0049 | GI6: 0 | GJ6: 0 | GK6: 0 | GL6: 0.0041 | GM6: 0.4857 | GN6: 0.414 | GO6: 0.4067 | GP6: 0.1989 | GQ6: 0 | GR6: 0 | GS6: 0.2331 | GT6: 0.37 | GU6: 0.6235 | GV6: 0.3431 | GW6: 0.053 | GX6: 0.1997 | GY6: 0 | GZ6: 0 | HA6: 0.0782 | HB6: 0.2347 | HC6: 0.3162 | HD6: 0.2526 | HE6: 0 | HF6: 0 | HG6: 0 | HH6: 0 | HI6: 0 | HJ6: 0 | HK6: 0 | HL6: 0 | HM6: 0 | HN6: 0 | HO6: 0 | HP6: 0
A7: seq42_binder | B7: Binder | C7: 0 | D7: 0 | E7: 0 | F7: 0 | G7: 0 | H7: 0 | I7: 0 | J7: 0 | K7: 0 | L7: 0 | M7: 0 | N7: 0 | O7: 0 | P7: 0 | Q7: 0 | R7: 0 | S7: 0 | T7: 0 | U7: 0.0016 | V7: 0.1728 | W7: 0 | X7: 0.0008 | Y7: 0 | Z7: 0.0081 | AA7: 0 | AB7: 0.057 | AC7: 0 | AD7: 0 | AE7: 0 | AF7: 0 | AG7: 0.0016 | AH7: 0.0644 | AI7: 0 | AJ7: 0 | AK7: 0 | AL7: 0 | AM7: 0.2844 | AN7: 0.8093 | AO7: 0.6275 | AP7: 0.4906 | AQ7: 0 | AR7: 0 | AS7: 0.8517 | AT7: 0.0114 | AU7: 0.0815 | AV7: 0 | AW7: 0 | AX7: 0 | AY7: 0 | AZ7: 0 | BA7: 0 | BB7: 0 | BC7: 0 | BD7: 0 | BE7: 0 | BF7: 0 | BG7: 0 | BH7: 0 | BI7: 0 | BJ7: 0 | BK7: 0 | BL7: 0 | BM7: 0 | BN7: 0 | BO7: 0 | BP7: 0 | BQ7: 0 | BR7: 0 | BS7: 0 | BT7: 0 | BU7: 0.1059 | BV7: 0.0839 | BW7: 0 | BX7: 0 | BY7: 0.7188 | BZ7: 0.0008 | CA7: 0 | CB7: 0 | CC7: 0 | CD7: 0 | CE7: 0 | CF7: 0 | CG7: 0.2005 | CH7: 0.0359 | CI7: 0.3015 | CJ7: 0.4784 | CK7: 0.48 | CL7: 0.3382 | CM7: 0 | CN7: 0 | CO7: 0.0033 | CP7: 0.0489 | CQ7: 0.5827 | CR7: 0.0929 | CS7: 0 | CT7: 0.0008 | CU7: 0.0049 | CV7: 0.0554 | CW7: 0 | CX7: 0 | CY7: 0 | CZ7: 0.0016 | DA7: 0 | DB7: 0 | DC7: 0 | DD7: 0 | DE7: 0 | DF7: 0 | DG7: 0 | DH7: 0 | DI7: 0 | DJ7: 0.1809 | DK7: 0 | DL7: 0.0505 | DM7: 0 | DN7: 0.0033 | DO7: 0 | DP7: 0 | DQ7: 0.1695 | DR7: 0.1182 | DS7: 0 | DT7: 0.0033 | DU7: 0.0008 | DV7: 0.0416 | DW7: 0.0073 | DX7: 0.2779 | DY7: 0.0016 | DZ7: 0.1239 | EA7: 0.5004 | EB7: 0.8468 | EC7: 0.0742 | ED7: 0.3733 | EE7: 0.6308 | EF7: 0.7131 | EG7: 0.0008 | EH7: 0.0285 | EI7: 0 | EJ7: 0.0171 | EK7: 0.2918 | EL7: 0.1222 | EM7: 0 | EN7: 0 | EO7: 0.9715 | EP7: 0.8818 | EQ7: 0.0008 | ER7: 0.057 | ES7: 0.1817 | ET7: 0.7172 | EU7: 0 | EV7: 0 | EW7: 0 | EX7: 0 | EY7: 0 | EZ7: 0.0204 | FA7: 0 | FB7: 0 | FC7: 0.7531 | FD7: 0.3839 | FE7: 0 | FF7: 0 | FG7: 0.0033 | FH7: 0 | FI7: 0 | FJ7: 0 | FK7: 0.0024 | FL7: 0.0016 | FM7: 0 | FN7: 0 | FO7: 0 | FP7: 0 | FQ7: 0 | FR7: 0 | FS7: 0 | FT7: 0 | FU7: 0 | FV7: 0 | FW7: 0 | FX7: 0 | FY7: 0 | FZ7: 0 | GA7: 0 | GB7: 0 | GC7: 0 | GD7: 0 | GE7: 0 | GF7: 0 | GG7: 0 | GH7: 0 | GI7: 0 | GJ7: 0 | GK7: 0 | GL7: 0 | GM7: 0.2608 | GN7: 0.6308 | GO7: 0.0098 | GP7: 0.0016 | GQ7: 0 | GR7: 0 | GS7: 0 | GT7: 0 | GU7: 0.8525 | GV7: 0.0733 | GW7: 0.6186 | GX7: 0.009 | GY7: 0 | GZ7: 0 | HA7: 0 | HB7: 0 | HC7: 0.2926 | HD7: 0.154 | HE7: 0.0139 | HF7: 0.044 | HG7: 0 | HH7: 0 | HI7: 0 | HJ7: 0 | HK7: 0 | HL7: 0.0285 | HM7: 0 | HN7: 0 | HO7: 0 | HP7: 0
A8: pair_3069_binder | B8: Binder | C8: 0 | D8: 0 | E8: 0 | F8: 0 | G8: 0 | H8: 0 | I8: 0 | J8: 0 | K8: 0 | L8: 0 | M8: 0 | N8: 0 | O8: 0 | P8: 0 | Q8: 0 | R8: 0 | S8: 0 | T8: 0 | U8: 0 | V8: 0.119 | W8: 0 | X8: 0.0073 | Y8: 0.0033 | Z8: 0.0261 | AA8: 0.1369 | AB8: 0.0758 | AC8: 0 | AD8: 0 | AE8: 0 | AF8: 0 | AG8: 0.0994 | AH8: 0.5395 | AI8: 0.0008 | AJ8: 0.0864 | AK8: 0 | AL8: 0 | AM8: 0.1777 | AN8: 0.48 | AO8: 0.4083 | AP8: 0.4393 | AQ8: 0.5126 | AR8: 0.0945 | AS8: 0.4295 | AT8: 0.1165 | AU8: 0.6341 | AV8: 0.5632 | AW8: 0 | AX8: 0 | AY8: 0 | AZ8: 0.009 | BA8: 0 | BB8: 0 | BC8: 0 | BD8: 0 | BE8: 0 | BF8: 0 | BG8: 0 | BH8: 0 | BI8: 0 | BJ8: 0 | BK8: 0 | BL8: 0 | BM8: 0 | BN8: 0 | BO8: 0 | BP8: 0 | BQ8: 0.282 | BR8: 0.7327 | BS8: 0 | BT8: 0 | BU8: 0.057 | BV8: 0.7213 | BW8: 0 | BX8: 0 | BY8: 0.5542 | BZ8: 0.0139 | CA8: 0 | CB8: 0 | CC8: 0 | CD8: 0 | CE8: 0 | CF8: 0 | CG8: 0.1736 | CH8: 0.0587 | CI8: 0.3211 | CJ8: 0.0978 | CK8: 0.1687 | CL8: 0.0782 | CM8: 0 | CN8: 0 | CO8: 0 | CP8: 0.0758 | CQ8: 0.6365 | CR8: 0.7164 | CS8: 0 | CT8: 0.0302 | CU8: 0.0481 | CV8: 0.3765 | CW8: 0 | CX8: 0 | CY8: 0 | CZ8: 0.0049 | DA8: 0 | DB8: 0 | DC8: 0 | DD8: 0 | DE8: 0 | DF8: 0 | DG8: 0 | DH8: 0 | DI8: 0 | DJ8: 0.0896 | DK8: 0 | DL8: 0.0024 | DM8: 0.1198 | DN8: 0.4548 | DO8: 0 | DP8: 0 | DQ8: 0.7278 | DR8: 0.8835 | DS8: 0.458 | DT8: 0.6438 | DU8: 0.3415 | DV8: 0.7335 | DW8: 0.0277 | DX8: 0.7612 | DY8: 0.0016 | DZ8: 0.2706 | EA8: 0.5526 | EB8: 0.7457 | EC8: 0 | ED8: 0.0016 | EE8: 0.7914 | EF8: 0.6455 | EG8: 0.0163 | EH8: 0.8191 | EI8: 0.0049 | EJ8: 0.7734 | EK8: 0.9584 | EL8: 0.9609 | EM8: 0 | EN8: 0 | EO8: 0 | EP8: 0.5909 | EQ8: 0 | ER8: 0 | ES8: 0 | ET8: 0.0448 | EU8: 0 | EV8: 0 | EW8: 0 | EX8: 0 | EY8: 0 | EZ8: 0 | FA8: 0 | FB8: 0 | FC8: 0.1516 | FD8: 0.8647 | FE8: 0 | FF8: 0.0008 | FG8: 0 | FH8: 0.3896 | FI8: 0 | FJ8: 0 | FK8: 0.0114 | FL8: 0.0049 | FM8: 0 | FN8: 0 | FO8: 0 | FP8: 0 | FQ8: 0 | FR8: 0 | FS8: 0 | FT8: 0 | FU8: 0 | FV8: 0 | FW8: 0 | FX8: 0 | FY8: 0 | FZ8: 0 | GA8: 0 | GB8: 0 | GC8: 0 | GD8: 0 | GE8: 0 | GF8: 0 | GG8: 0.0872 | GH8: 0.0139 | GI8: 0 | GJ8: 0 | GK8: 0 | GL8: 0 | GM8: 0.3904 | GN8: 0.163 | GO8: 0.6854 | GP8: 0.4368 | GQ8: 0 | GR8: 0 | GS8: 0 | GT8: 0.0619 | GU8: 0.7066 | GV8: 0.7914 | GW8: 0.0008 | GX8: 0.5224 | GY8: 0 | GZ8: 0 | HA8: 0 | HB8: 0.0041 | HC8: 0.6822 | HD8: 0.5534 | HE8: 0 | HF8: 0 | HG8: 0 | HH8: 0 | HI8: 0 | HJ8: 0 | HK8: 0 | HL8: 0 | HM8: 0 | HN8: 0 | HO8: 0 | HP8: 0
A9: pair_3070_binder | B9: Binder | C9: 0 | D9: 0 | E9: 0 | F9: 0 | G9: 0 | H9: 0 | I9: 0 | J9: 0 | K9: 0 | L9: 0 | M9: 0 | N9: 0 | O9: 0 | P9: 0 | Q9: 0 | R9: 0 | S9: 0 | T9: 0 | U9: 0 | V9: 0.2421 | W9: 0 | X9: 0.0081 | Y9: 0 | Z9: 0.0603 | AA9: 0.0008 | AB9: 0.2274 | AC9: 0 | AD9: 0 | AE9: 0 | AF9: 0 | AG9: 0.0407 | AH9: 0.5868 | AI9: 0 | AJ9: 0.0122 | AK9: 0 | AL9: 0 | AM9: 0.0742 | AN9: 0.5412 | AO9: 0.0929 | AP9: 0.3537 | AQ9: 0.0008 | AR9: 0.15 | AS9: 0.8615 | AT9: 0.2934 | AU9: 0.3708 | AV9: 0.2518 | AW9: 0 | AX9: 0 | AY9: 0 | AZ9: 0 | BA9: 0 | BB9: 0 | BC9: 0 | BD9: 0 | BE9: 0 | BF9: 0 | BG9: 0 | BH9: 0 | BI9: 0 | BJ9: 0 | BK9: 0 | BL9: 0 | BM9: 0 | BN9: 0 | BO9: 0 | BP9: 0 | BQ9: 0.436 | BR9: 0.7425 | BS9: 0 | BT9: 0 | BU9: 0.1728 | BV9: 0.4621 | BW9: 0 | BX9: 0 | BY9: 0.652 | BZ9: 0.0187 | CA9: 0 | CB9: 0.0049 | CC9: 0 | CD9: 0 | CE9: 0 | CF9: 0 | CG9: 0.3945 | CH9: 0.1051 | CI9: 0.6373 | CJ9: 0.5827 | CK9: 0.2999 | CL9: 0.4605 | CM9: 0 | CN9: 0 | CO9: 0 | CP9: 0 | CQ9: 0.2901 | CR9: 0.5705 | CS9: 0 | CT9: 0 | CU9: 0.1573 | CV9: 0.4564 | CW9: 0 | CX9: 0 | CY9: 0 | CZ9: 0.0636 | DA9: 0 | DB9: 0 | DC9: 0 | DD9: 0.0016 | DE9: 0 | DF9: 0 | DG9: 0 | DH9: 0 | DI9: 0.1777 | DJ9: 0.3113 | DK9: 0.1092 | DL9: 0.1915 | DM9: 0.2641 | DN9: 0.5689 | DO9: 0.0016 | DP9: 0.0554 | DQ9: 0.0595 | DR9: 0.2486 | DS9: 0 | DT9: 0 | DU9: 0 | DV9: 0 | DW9: 0 | DX9: 0 | DY9: 0 | DZ9: 0 | EA9: 0.0024 | EB9: 0.5591 | EC9: 0.1565 | ED9: 0.6618 | EE9: 0.5436 | EF9: 0.705 | EG9: 0 | EH9: 0 | EI9: 0 | EJ9: 0 | EK9: 0.9283 | EL9: 0.4645 | EM9: 0 | EN9: 0.0742 | EO9: 0.6227 | EP9: 0.6039 | EQ9: 0.1728 | ER9: 0.2062 | ES9: 0.2274 | ET9: 0.4328 | EU9: 0 | EV9: 0 | EW9: 0 | EX9: 0 | EY9: 0 | EZ9: 0 | FA9: 0 | FB9: 0 | FC9: 0.7547 | FD9: 0.6683 | FE9: 0 | FF9: 0.0171 | FG9: 0 | FH9: 0.0611 | FI9: 0 | FJ9: 0 | FK9: 0 | FL9: 0.0008 | FM9: 0 | FN9: 0 | FO9: 0 | FP9: 0 | FQ9: 0 | FR9: 0.0098 | FS9: 0 | FT9: 0 | FU9: 0 | FV9: 0 | FW9: 0 | FX9: 0.0049 | FY9: 0 | FZ9: 0 | GA9: 0 | GB9: 0 | GC9: 0 | GD9: 0 | GE9: 0 | GF9: 0.0008 | GG9: 0 | GH9: 0.0489 | GI9: 0 | GJ9: 0 | GK9: 0 | GL9: 0 | GM9: 0.511 | GN9: 0.4425 | GO9: 0.4075 | GP9: 0.088 | GQ9: 0 | GR9: 0 | GS9: 0 | GT9: 0.1711 | GU9: 0.5012 | GV9: 0.3138 | GW9: 0.4629 | GX9: 0.0799 | GY9: 0 | GZ9: 0 | HA9: 0 | HB9: 0.0383 | HC9: 0.6838 | HD9: 0.3268 | HE9: 0 | HF9: 0.0073 | HG9: 0 | HH9: 0 | HI9: 0 | HJ9: 0 | HK9: 0 | HL9: 0.0008 | HM9: 0 | HN9: 0 | HO9: 0 | HP9: 0
A10: pair_3074_binder | B10: Binder | C10: 0 | D10: 0 | E10: 0 | F10: 0 | G10: 0 | H10: 0 | I10: 0 | J10: 0 | K10: 0 | L10: 0 | M10: 0 | N10: 0 | O10: 0 | P10: 0 | Q10: 0 | R10: 0 | S10: 0 | T10: 0 | U10: 0 | V10: 0.0098 | W10: 0 | X10: 0 | Y10: 0 | Z10: 0 | AA10: 0 | AB10: 0.0375 | AC10: 0 | AD10: 0 | AE10: 0 | AF10: 0 | AG10: 0.0057 | AH10: 0.2616 | AI10: 0 | AJ10: 0.0041 | AK10: 0 | AL10: 0 | AM10: 0.4833 | AN10: 0.5656 | AO10: 0.3309 | AP10: 0.3993 | AQ10: 0.0008 | AR10: 0.1402 | AS10: 0.6732 | AT10: 0.2372 | AU10: 0.1622 | AV10: 0.3521 | AW10: 0 | AX10: 0 | AY10: 0 | AZ10: 0.0008 | BA10: 0 | BB10: 0 | BC10: 0 | BD10: 0 | BE10: 0 | BF10: 0 | BG10: 0 | BH10: 0 | BI10: 0 | BJ10: 0 | BK10: 0 | BL10: 0 | BM10: 0 | BN10: 0 | BO10: 0 | BP10: 0 | BQ10: 0.3244 | BR10: 0.5192 | BS10: 0 | BT10: 0 | BU10: 0.1059 | BV10: 0.4939 | BW10: 0 | BX10: 0 | BY10: 0.608 | BZ10: 0.0049 | CA10: 0 | CB10: 0 | CC10: 0 | CD10: 0 | CE10: 0 | CF10: 0.0008 | CG10: 0.2046 | CH10: 0.1703 | CI10: 0.5729 | CJ10: 0.6691 | CK10: 0.2412 | CL10: 0.0416 | CM10: 0 | CN10: 0 | CO10: 0 | CP10: 0.0008 | CQ10: 0.6822 | CR10: 0.445 | CS10: 0 | CT10: 0 | CU10: 0.0872 | CV10: 0.3822 | CW10: 0 | CX10: 0 | CY10: 0 | CZ10: 0 | DA10: 0 | DB10: 0 | DC10: 0 | DD10: 0 | DE10: 0 | DF10: 0 | DG10: 0 | DH10: 0 | DI10: 0 | DJ10: 0.0065 | DK10: 0 | DL10: 0.0016 | DM10: 0.2323 | DN10: 0.5395 | DO10: 0 | DP10: 0 | DQ10: 0.383 | DR10: 0.1214 | DS10: 0 | DT10: 0.0008 | DU10: 0 | DV10: 0.0008 | DW10: 0 | DX10: 0.0033 | DY10: 0 | DZ10: 0.0375 | EA10: 0.6691 | EB10: 0.6047 | EC10: 0.4507 | ED10: 0.6993 | EE10: 0.6993 | EF10: 0.4368 | EG10: 0 | EH10: 0.0179 | EI10: 0 | EJ10: 0.013 | EK10: 0.8949 | EL10: 0.7775 | EM10: 0 | EN10: 0 | EO10: 0.1663 | EP10: 0.5469 | EQ10: 0 | ER10: 0.0579 | ES10: 0 | ET10: 0.2315 | EU10: 0 | EV10: 0 | EW10: 0 | EX10: 0 | EY10: 0 | EZ10: 0 | FA10: 0 | FB10: 0 | FC10: 0.5118 | FD10: 0.7637 | FE10: 0 | FF10: 0.0277 | FG10: 0 | FH10: 0.4401 | FI10: 0 | FJ10: 0 | FK10: 0 | FL10: 0.0033 | FM10: 0 | FN10: 0 | FO10: 0.0008 | FP10: 0.0024 | FQ10: 0 | FR10: 0.022 | FS10: 0 | FT10: 0.0008 | FU10: 0 | FV10: 0 | FW10: 0 | FX10: 0.0008 | FY10: 0 | FZ10: 0.0008 | GA10: 0 | GB10: 0 | GC10: 0 | GD10: 0 | GE10: 0 | GF10: 0.0098 | GG10: 0.0945 | GH10: 0.2315 | GI10: 0 | GJ10: 0 | GK10: 0 | GL10: 0 | GM10: 0.6015 | GN10: 0.5844 | GO10: 0.3757 | GP10: 0.2274 | GQ10: 0 | GR10: 0 | GS10: 0 | GT10: 0 | GU10: 0.6406 | GV10: 0.2306 | GW10: 0.326 | GX10: 0.6194 | GY10: 0 | GZ10: 0 | HA10: 0 | HB10: 0.0049 | HC10: 0.3399 | HD10: 0.2176 | HE10: 0.0277 | HF10: 0.044 | HG10: 0 | HH10: 0 | HI10: 0 | HJ10: 0 | HK10: 0.0008 | HL10: 0.0187 | HM10: 0 | HN10: 0 | HO10: 0 | HP10: 0
A11: pair_3092_binder | B11: Binder | C11: 0 | D11: 0 | E11: 0 | F11: 0 | G11: 0 | H11: 0 | I11: 0 | J11: 0 | K11: 0 | L11: 0 | M11: 0 | N11: 0 | O11: 0 | P11: 0 | Q11: 0 | R11: 0 | S11: 0 | T11: 0 | U11: 0 | V11: 0.0277 | W11: 0 | X11: 0 | Y11: 0 | Z11: 0.0187 | AA11: 0.0024 | AB11: 0.1068 | AC11: 0 | AD11: 0 | AE11: 0 | AF11: 0 | AG11: 0.0334 | AH11: 0.1271 | AI11: 0 | AJ11: 0 | AK11: 0 | AL11: 0 | AM11: 0.0114 | AN11: 0.2526 | AO11: 0.128 | AP11: 0.3733 | AQ11: 0 | AR11: 0 | AS11: 0.9055 | AT11: 0.1312 | AU11: 0.0383 | AV11: 0.3594 | AW11: 0 | AX11: 0 | AY11: 0 | AZ11: 0 | BA11: 0 | BB11: 0 | BC11: 0 | BD11: 0 | BE11: 0 | BF11: 0 | BG11: 0 | BH11: 0 | BI11: 0 | BJ11: 0 | BK11: 0 | BL11: 0 | BM11: 0 | BN11: 0 | BO11: 0 | BP11: 0 | BQ11: 0.088 | BR11: 0.727 | BS11: 0 | BT11: 0 | BU11: 0.0236 | BV11: 0.6447 | BW11: 0 | BX11: 0 | BY11: 0.4352 | BZ11: 0.0603 | CA11: 0 | CB11: 0.009 | CC11: 0 | CD11: 0 | CE11: 0 | CF11: 0 | CG11: 0.4124 | CH11: 0.1288 | CI11: 0.7547 | CJ11: 0.6642 | CK11: 0.3545 | CL11: 0.1736 | CM11: 0 | CN11: 0 | CO11: 0 | CP11: 0 | CQ11: 0.4067 | CR11: 0.6357 | CS11: 0 | CT11: 0 | CU11: 0.524 | CV11: 0.5892 | CW11: 0 | CX11: 0 | CY11: 0 | CZ11: 0.0024 | DA11: 0 | DB11: 0 | DC11: 0 | DD11: 0 | DE11: 0 | DF11: 0 | DG11: 0 | DH11: 0 | DI11: 0 | DJ11: 0.0864 | DK11: 0 | DL11: 0.1051 | DM11: 0.7115 | DN11: 0.5143 | DO11: 0.0513 | DP11: 0.0073 | DQ11: 0.3782 | DR11: 0.5721 | DS11: 0 | DT11: 0 | DU11: 0 | DV11: 0 | DW11: 0 | DX11: 0 | DY11: 0.0008 | DZ11: 0.0041 | EA11: 0.0057 | EB11: 0.2975 | EC11: 0.0725 | ED11: 0.5844 | EE11: 0.5925 | EF11: 0.7278 | EG11: 0 | EH11: 0 | EI11: 0 | EJ11: 0 | EK11: 0.969 | EL11: 0.3504 | EM11: 0.6316 | EN11: 0.013 | EO11: 0.8663 | EP11: 0.5371 | EQ11: 0 | ER11: 0.0888 | ES11: 0.0016 | ET11: 0.1467 | EU11: 0 | EV11: 0 | EW11: 0 | EX11: 0 | EY11: 0 | EZ11: 0 | FA11: 0 | FB11: 0 | FC11: 0.1858 | FD11: 0.7457 | FE11: 0 | FF11: 0.0033 | FG11: 0.0595 | FH11: 0.0114 | FI11: 0 | FJ11: 0 | FK11: 0 | FL11: 0 | FM11: 0 | FN11: 0 | FO11: 0 | FP11: 0 | FQ11: 0 | FR11: 0.0041 | FS11: 0 | FT11: 0.0008 | FU11: 0 | FV11: 0 | FW11: 0 | FX11: 0.0049 | FY11: 0 | FZ11: 0 | GA11: 0 | GB11: 0 | GC11: 0 | GD11: 0 | GE11: 0 | GF11: 0 | GG11: 0 | GH11: 0.0416 | GI11: 0 | GJ11: 0 | GK11: 0 | GL11: 0.0033 | GM11: 0.6789 | GN11: 0.52 | GO11: 0.5118 | GP11: 0.0416 | GQ11: 0 | GR11: 0.0008 | GS11: 0.0081 | GT11: 0.172 | GU11: 0.2331 | GV11: 0.2934 | GW11: 0.2176 | GX11: 0.0432 | GY11: 0 | GZ11: 0 | HA11: 0 | HB11: 0.0375 | HC11: 0.5583 | HD11: 0.1516 | HE11: 0 | HF11: 0 | HG11: 0 | HH11: 0 | HI11: 0 | HJ11: 0 | HK11: 0 | HL11: 0 | HM11: 0 | HN11: 0 | HO11: 0 | HP11: 0
A12: pair_3098_binder | B12: Binder | C12: 0 | D12: 0 | E12: 0 | F12: 0 | G12: 0 | H12: 0 | I12: 0 | J12: 0 | K12: 0 | L12: 0 | M12: 0 | N12: 0 | O12: 0 | P12: 0 | Q12: 0 | R12: 0 | S12: 0 | T12: 0.0016 | U12: 0 | V12: 0.0733 | W12: 0 | X12: 0.0008 | Y12: 0.0008 | Z12: 0.1108 | AA12: 0.2298 | AB12: 0.2795 | AC12: 0 | AD12: 0.0147 | AE12: 0 | AF12: 0.0008 | AG12: 0.4214 | AH12: 0.5428 | AI12: 0.0024 | AJ12: 0.0375 | AK12: 0 | AL12: 0 | AM12: 0.0603 | AN12: 0.5355 | AO12: 0.2005 | AP12: 0.2331 | AQ12: 0.0139 | AR12: 0.1785 | AS12: 0.7237 | AT12: 0.3896 | AU12: 0.3977 | AV12: 0.1133 | AW12: 0 | AX12: 0.0008 | AY12: 0.0024 | AZ12: 0.0497 | BA12: 0 | BB12: 0.0008 | BC12: 0 | BD12: 0 | BE12: 0 | BF12: 0 | BG12: 0 | BH12: 0 | BI12: 0 | BJ12: 0 | BK12: 0 | BL12: 0 | BM12: 0 | BN12: 0 | BO12: 0 | BP12: 0 | BQ12: 0.2641 | BR12: 0.1606 | BS12: 0 | BT12: 0 | BU12: 0.4833 | BV12: 0.0766 | BW12: 0 | BX12: 0 | BY12: 0.6031 | BZ12: 0.0033 | CA12: 0 | CB12: 0 | CC12: 0 | CD12: 0 | CE12: 0 | CF12: 0.009 | CG12: 0.2551 | CH12: 0.2388 | CI12: 0.5501 | CJ12: 0.3773 | CK12: 0.4605 | CL12: 0.0554 | CM12: 0 | CN12: 0 | CO12: 0 | CP12: 0.0008 | CQ12: 0.63 | CR12: 0.1809 | CS12: 0 | CT12: 0 | CU12: 0.2738 | CV12: 0.0872 | CW12: 0 | CX12: 0 | CY12: 0 | CZ12: 0 | DA12: 0 | DB12: 0 | DC12: 0 | DD12: 0 | DE12: 0 | DF12: 0 | DG12: 0 | DH12: 0 | DI12: 0 | DJ12: 0.0905 | DK12: 0 | DL12: 0.0456 | DM12: 0.2673 | DN12: 0.6178 | DO12: 0 | DP12: 0 | DQ12: 0.3366 | DR12: 0.1711 | DS12: 0 | DT12: 0 | DU12: 0 | DV12: 0.0041 | DW12: 0 | DX12: 0.0041 | DY12: 0 | DZ12: 0.0073 | EA12: 0.3953 | EB12: 0.4931 | EC12: 0.1451 | ED12: 0.3113 | EE12: 0.7213 | EF12: 0.542 | EG12: 0.0024 | EH12: 0.1108 | EI12: 0 | EJ12: 0.0872 | EK12: 0.903 | EL12: 0.837 | EM12: 0 | EN12: 0 | EO12: 0.0383 | EP12: 0.6341 | EQ12: 0 | ER12: 0.0676 | ES12: 0.0008 | ET12: 0.2404 | EU12: 0 | EV12: 0 | EW12: 0 | EX12: 0 | EY12: 0 | EZ12: 0 | FA12: 0 | FB12: 0 | FC12: 0.4474 | FD12: 0.8892 | FE12: 0 | FF12: 0.0073 | FG12: 0 | FH12: 0.1777 | FI12: 0 | FJ12: 0 | FK12: 0.0008 | FL12: 0.0098 | FM12: 0 | FN12: 0 | FO12: 0 | FP12: 0 | FQ12: 0 | FR12: 0 | FS12: 0 | FT12: 0 | FU12: 0 | FV12: 0 | FW12: 0 | FX12: 0 | FY12: 0 | FZ12: 0 | GA12: 0 | GB12: 0 | GC12: 0 | GD12: 0 | GE12: 0 | GF12: 0 | GG12: 0 | GH12: 0 | GI12: 0 | GJ12: 0 | GK12: 0 | GL12: 0.0057 | GM12: 0.3521 | GN12: 0.339 | GO12: 0.4124 | GP12: 0.3488 | GQ12: 0 | GR12: 0.0334 | GS12: 0.5575 | GT12: 0.5012 | GU12: 0.4205 | GV12: 0.4988 | GW12: 0.0057 | GX12: 0.4417 | GY12: 0 | GZ12: 0 | HA12: 0 | HB12: 0.0008 | HC12: 0.4947 | HD12: 0.5371 | HE12: 0 | HF12: 0.0008 | HG12: 0 | HH12: 0 | HI12: 0 | HJ12: 0 | HK12: 0 | HL12: 0.0041 | HM12: 0 | HN12: 0 | HO12: 0 | HP12: 0
A13: pair_3059_nb | B13: False Positive | C13: 0 | D13: 0 | E13: 0 | F13: 0 | G13: 0 | H13: 0 | I13: 0 | J13: 0 | K13: 0 | L13: 0.0155 | M13: 0 | N13: 0 | O13: 0 | P13: 0 | Q13: 0 | R13: 0 | S13: 0 | T13: 0 | U13: 0 | V13: 0.0049 | W13: 0 | X13: 0 | Y13: 0 | Z13: 0 | AA13: 0 | AB13: 0 | AC13: 0 | AD13: 0 | AE13: 0 | AF13: 0 | AG13: 0.0033 | AH13: 0.044 | AI13: 0 | AJ13: 0 | AK13: 0 | AL13: 0 | AM13: 0 | AN13: 0.0489 | AO13: 0.8362 | AP13: 0.5974 | AQ13: 0.6805 | AR13: 0.3464 | AS13: 0.2543 | AT13: 0.1956 | AU13: 0.5395 | AV13: 0.2412 | AW13: 0 | AX13: 0 | AY13: 0 | AZ13: 0 | BA13: 0 | BB13: 0 | BC13: 0 | BD13: 0 | BE13: 0 | BF13: 0 | BG13: 0 | BH13: 0 | BI13: 0 | BJ13: 0 | BK13: 0 | BL13: 0 | BM13: 0 | BN13: 0 | BO13: 0 | BP13: 0 | BQ13: 0.1182 | BR13: 0.251 | BS13: 0 | BT13: 0 | BU13: 0.1255 | BV13: 0.2168 | BW13: 0 | BX13: 0 | BY13: 0.035 | BZ13: 0.0187 | CA13: 0 | CB13: 0 | CC13: 0 | CD13: 0 | CE13: 0 | CF13: 0 | CG13: 0.1377 | CH13: 0.0293 | CI13: 0.5061 | CJ13: 0.4507 | CK13: 0.6259 | CL13: 0.2298 | CM13: 0.0155 | CN13: 0.0628 | CO13: 0.1043 | CP13: 0.2543 | CQ13: 0.5917 | CR13: 0.1337 | CS13: 0.0024 | CT13: 0.0416 | CU13: 0.1247 | CV13: 0.3219 | CW13: 0 | CX13: 0 | CY13: 0 | CZ13: 0.0033 | DA13: 0 | DB13: 0 | DC13: 0 | DD13: 0 | DE13: 0 | DF13: 0 | DG13: 0 | DH13: 0 | DI13: 0 | DJ13: 0.0285 | DK13: 0 | DL13: 0.0073 | DM13: 0 | DN13: 0.0611 | DO13: 0 | DP13: 0.0049 | DQ13: 0.6186 | DR13: 0.6243 | DS13: 0.0954 | DT13: 0.4319 | DU13: 0.4042 | DV13: 0.5697 | DW13: 0.2192 | DX13: 0.4556 | DY13: 0.0122 | DZ13: 0.2795 | EA13: 0.6341 | EB13: 0.6773 | EC13: 0 | ED13: 0.2258 | EE13: 0.8158 | EF13: 0.5656 | EG13: 0.5534 | EH13: 0.5273 | EI13: 0.5689 | EJ13: 0.5909 | EK13: 0.8158 | EL13: 0.3081 | EM13: 0 | EN13: 0 | EO13: 0.6773 | EP13: 0.8183 | EQ13: 0 | ER13: 0.0008 | ES13: 0.0024 | ET13: 0.0473 | EU13: 0 | EV13: 0 | EW13: 0 | EX13: 0 | EY13: 0 | EZ13: 0 | FA13: 0 | FB13: 0 | FC13: 0.8044 | FD13: 0.7759 | FE13: 0 | FF13: 0 | FG13: 0 | FH13: 0 | FI13: 0 | FJ13: 0 | FK13: 0.0945 | FL13: 0 | FM13: 0 | FN13: 0 | FO13: 0 | FP13: 0 | FQ13: 0 | FR13: 0.0008 | FS13: 0 | FT13: 0 | FU13: 0 | FV13: 0 | FW13: 0 | FX13: 0 | FY13: 0 | FZ13: 0 | GA13: 0 | GB13: 0 | GC13: 0 | GD13: 0 | GE13: 0 | GF13: 0 | GG13: 0 | GH13: 0 | GI13: 0 | GJ13: 0 | GK13: 0 | GL13: 0 | GM13: 0.2274 | GN13: 0.2975 | GO13: 0.3097 | GP13: 0.0334 | GQ13: 0 | GR13: 0 | GS13: 0 | GT13: 0.0016 | GU13: 0.8443 | GV13: 0.4091 | GW13: 0.6479 | GX13: 0.2828 | GY13: 0 | GZ13: 0.0073 | HA13: 0.0008 | HB13: 0.1125 | HC13: 0.3765 | HD13: 0.4385 | HE13: 0.0016 | HF13: 0.0693 | HG13: 0 | HH13: 0 | HI13: 0 | HJ13: 0 | HK13: 0 | HL13: 0.0122 | HM13: 0 | HN13: 0 | HO13: 0 | HP13: 0
... A194: nonb_117_nb | B194: False Positive | C194: 0 | D194: 0 | E194: 0 | F194: 0 | G194: 0 | H194: 0 | I194: 0 | J194: 0 | K194: 0 | L194: 0.0081 | M194: 0 | N194: 0 | O194: 0 | P194: 0.0016 | Q194: 0 | R194: 0 | S194: 0 | T194: 0.0179 | U194: 0.0008 | V194: 0.335 | W194: 0 | X194: 0.0008 | Y194: 0 | Z194: 0.1663 | AA194: 0.0024 | AB194: 0.0293 | AC194: 0 | AD194: 0 | AE194: 0 | AF194: 0 | AG194: 0.0399 | AH194: 0.2331 | AI194: 0 | AJ194: 0 | AK194: 0 | AL194: 0 | AM194: 0.445 | AN194: 0.8443 | AO194: 0.4898 | AP194: 0.6797 | AQ194: 0 | AR194: 0.0008 | AS194: 0.2453 | AT194: 0.5615 | AU194: 0.1312 | AV194: 0.0041 | AW194: 0 | AX194: 0 | AY194: 0 | AZ194: 0 | BA194: 0 | BB194: 0 | BC194: 0 | BD194: 0 | BE194: 0 | BF194: 0 | BG194: 0 | BH194: 0 | BI194: 0 | BJ194: 0 | BK194: 0 | BL194: 0 | BM194: 0 | BN194: 0 | BO194: 0 | BP194: 0 | BQ194: 0.1964 | BR194: 0.7009 | BS194: 0 | BT194: 0 | BU194: 0.6838 | BV194: 0.0147 | BW194: 0.0212 | BX194: 0 | BY194: 0.5216 | BZ194: 0.0033 | CA194: 0 | CB194: 0.0073 | CC194: 0 | CD194: 0.0041 | CE194: 0 | CF194: 0.0033 | CG194: 0.8492 | CH194: 0.0302 | CI194: 0.6756 | CJ194: 0.1304 | CK194: 0.947 | CL194: 0.0432 | CM194: 0.0489 | CN194: 0.0049 | CO194: 0.0872 | CP194: 0.013 | CQ194: 0.6707 | CR194: 0.0057 | CS194: 0 | CT194: 0 | CU194: 0.0049 | CV194: 0.0269 | CW194: 0 | CX194: 0 | CY194: 0 | CZ194: 0 | DA194: 0 | DB194: 0 | DC194: 0 | DD194: 0 | DE194: 0 | DF194: 0 | DG194: 0 | DH194: 0 | DI194: 0 | DJ194: 0.0399 | DK194: 0 | DL194: 0.0033 | DM194: 0 | DN194: 0.0228 | DO194: 0 | DP194: 0 | DQ194: 0.3896 | DR194: 0.0228 | DS194: 0 | DT194: 0 | DU194: 0 | DV194: 0 | DW194: 0 | DX194: 0.0065 | DY194: 0 | DZ194: 0.009 | EA194: 0.5183 | EB194: 0.1141 | EC194: 0 | ED194: 0.0848 | EE194: 0.3276 | EF194: 0.1231 | EG194: 0 | EH194: 0.0147 | EI194: 0 | EJ194: 0.013 | EK194: 0.6129 | EL194: 0.0269 | EM194: 0 | EN194: 0 | EO194: 0.9633 | EP194: 0.6479 | EQ194: 0 | ER194: 0.0016 | ES194: 0.0008 | ET194: 0.2942 | EU194: 0 | EV194: 0 | EW194: 0 | EX194: 0 | EY194: 0 | EZ194: 0.0016 | FA194: 0 | FB194: 0 | FC194: 0.8183 | FD194: 0.8908 | FE194: 0 | FF194: 0 | FG194: 0 | FH194: 0 | FI194: 0 | FJ194: 0 | FK194: 0 | FL194: 0 | FM194: 0 | FN194: 0 | FO194: 0 | FP194: 0 | FQ194: 0 | FR194: 0 | FS194: 0 | FT194: 0 | FU194: 0 | FV194: 0 | FW194: 0 | FX194: 0 | FY194: 0 | FZ194: 0 | GA194: 0 | GB194: 0 | GC194: 0 | GD194: 0 | GE194: 0 | GF194: 0 | GG194: 0 | GH194: 0 | GI194: 0 | GJ194: 0 | GK194: 0 | GL194: 0 | GM194: 0.1084 | GN194: 0.0628 | GO194: 0.0611 | GP194: 0.0008 | GQ194: 0 | GR194: 0 | GS194: 0 | GT194: 0 | GU194: 0.7205 | GV194: 0.8427 | GW194: 0.8647 | GX194: 0.8297 | GY194: 0 | GZ194: 0.141 | HA194: 0.044 | HB194: 0.8158 | HC194: 0.0187 | HD194: 0.4548 | HE194: 0.0244 | HF194: 0.5892 | HG194: 0 | HH194: 0 | HI194: 0 | HJ194: 0.0008 | HK194: 0.0008 | HL194: 0.2763 | HM194: 0 | HN194: 0 | HO194: 0 | HP194: 0

Sheet gate_latch_rmsd_to_ref_500ns
A1: Sequence | B1: Group | C1: Gate RMSD mean (A) | D1: Gate RMSD SD (A) | E1: Latch RMSD mean (A) | F1: Latch RMSD SD (A) | G1: N frames | H1: Gate RMSD early100 mean (A) | I1: Gate RMSD late100 mean (A) | J1: Gate drift100 (A) | K1: Gate slope (A/ns) | L1: Latch RMSD early100 mean (A) | M1: Latch RMSD late100 mean (A) | N1: Latch drift100 (A) | O1: Latch slope (A/ns)
A2: seq16_binder | B2: Binder | C2: 1.5062 | D2: 0.7238 | E2: 1.1878 | F2: 0.3508 | G2: 12267 | H2: 1.0966 | I2: 2.54 | J2: 1.4434 | K2: 0.003898 | L2: 1.0298 | M2: 1.253 | N2: 0.2232 | O2: 0.000579
A3: seq14_binder | B3: Binder | C3: 1.5201 | D3: 0.3125 | E3: 1.6566 | F3: 0.296 | G3: 12267 | H3: 1.3419 | I3: 1.5227 | J3: 0.1808 | K3: 0.000399 | L3: 1.6152 | M3: 1.5219 | N3: -0.0933 | O3: -0.000251
A4: seq10_binder | B4: Binder | C4: 1.3737 | D4: 0.3637 | E4: 3.0752 | F4: 0.5386 | G4: 12267 | H4: 1.4907 | I4: 1.4443 | J4: -0.0464 | K4: -0.000139 | L4: 2.6132 | M4: 3.0262 | N4: 0.413 | O4: 0.001053
A5: seq17_binder | B5: Binder | C5: 2.3329 | D5: 0.462 | E5: 2.3594 | F5: 0.55 | G5: 12267 | H5: 2.356 | I5: 2.1259 | J5: -0.2301 | K5: -0.000589 | L5: 2.0541 | M5: 2.6499 | N5: 0.5958 | O5: 0.001801
A6: seq39_binder | B6: Binder | C6: 1.6215 | D6: 0.5525 | E6: 2.354 | F6: 0.6424 | G6: 12267 | H6: 1.8929 | I6: 1.328 | J6: -0.5649 | K6: -0.001451 | L6: 2.0049 | M6: 2.9569 | N6: 0.952 | O6: 0.003001
A7: seq42_binder | B7: Binder | C7: 2.2756 | D7: 0.8688 | E7: 3.6917 | F7: 0.9904 | G7: 12267 | H7: 1.4199 | I7: 2.7893 | J7: 1.3693 | K7: 0.004159 | L7: 2.1875 | M7: 4.1589 | N7: 1.9715 | O7: 0.005161
A8: pair_3069_binder | B8: Binder | C8: 2.5756 | D8: 0.5726 | E8: 4.4248 | F8: 1.0633 | G8: 12267 | H8: 2.1584 | I8: 2.7978 | J8: 0.6393 | K8: 0.001726 | L8: 2.6377 | M8: 4.9449 | N8: 2.3073 | O8: 0.005712
A9: pair_3070_binder | B9: Binder | C9: 1.9043 | D9: 0.7286 | E9: 1.5353 | F9: 0.2988 | G9: 12267 | H9: 2.8544 | I9: 1.7093 | J9: -1.145 | K9: -0.003133 | L9: 1.3943 | M9: 1.6324 | N9: 0.2381 | O9: 0.000437
A10: pair_3074_binder | B10: Binder | C10: 1.7783 | D10: 0.575 | E10: 2.2744 | F10: 0.4808 | G10: 12267 | H10: 1.6773 | I10: 1.7977 | J10: 0.1204 | K10: -0.000271 | L10: 2.4086 | M10: 2.0618 | N10: -0.3468 | O10: -0.001397
A11: pair_3092_binder | B11: Binder | C11: 1.4785 | D11: 0.3909 | E11: 1.958 | F11: 0.3946 | G11: 12267 | H11: 1.356 | I11: 1.3232 | J11: -0.0328 | K11: -0.000169 | L11: 1.458 | M11: 2.1979 | N11: 0.7399 | O11: 0.001779
A12: pair_3098_binder | B12: Binder | C12: 2.2899 | D12: 0.6371 | E12: 2.6457 | F12: 0.8011 | G12: 12267 | H12: 1.7933 | I12: 2.5834 | J12: 0.79 | K12: 0.001719 | L12: 1.7344 | M12: 3.2364 | N12: 1.5019 | O12: 0.003272
A13: pair_3059_nb | B13: False Positive | C13: 1.5635 | D13: 0.4557 | E13: 4.1535 | F13: 1.155 | G13: 12267 | H13: 1.3577 | I13: 1.7708 | J13: 0.4131 | K13: 0.001067 | L13: 2.5554 | M13: 5.3601 | N13: 2.8047 | O13: 0.006602
A14: pair_3062_binder | B14: Binder | C14: 1.0876 | D14: 0.3114 | E14: 1.3144 | F14: 0.2715 | G14: 12267 | H14: 1.1846 | I14: 1.1222 | J14: -0.0624 | K14: 4e-05 | L14: 1.2459 | M14: 1.3849 | N14: 0.139 | O14: 0.000341
A15: pair_3063_binder | B15: Binder | C15: 3.7751 | D15: 1.1729 | E15: 3.2489 | F15: 0.9028 | G15: 12267 | H15: 4.6849 | I15: 3.8774 | J15: -0.8074 | K15: -0.002859 | L15: 3.6143 | M15: 3.7496 | N15: 0.1353 | O15: -0.001227
A16: pair_3066_binder | B16: Binder | C16: 2.5591 | D16: 0.6983 | E16: 1.7237 | F16: 0.615 | G16: 12267 | H16: 2.3986 | I16: 2.7046 | J16: 0.306 | K16: 0.000386 | L16: 2.3366 | M16: 1.6654 | N16: -0.6712 | O16: -0.001743
A17: pair_3067_binder | B17: Binder | C17: 2.0322 | D17: 0.6413 | E17: 2.4128 | F17: 0.6761 | G17: 12267 | H17: 2.4905 | I17: 1.7478 | J17: -0.7427 | K17: -0.001992 | L17: 2.607 | M17: 2.8025 | N17: 0.1955 | O17: 0.000262
A18: pair_3068_binder | B18: Binder | C18: 1.8706 | D18: 0.5997 | E18: 2.4232 | F18: 0.9738 | G18: 12267 | H18: 2.2629 | I18: 1.76 | J18: -0.5029 | K18: -0.001015 | L18: 1.8888 | M18: 2.2167 | N18: 0.3279 | O18: -0.000303
A19: pair_3071_binder | B19: Binder | C19: 1.9063 | D19: 0.7865 | E19: 1.9148 | F19: 0.7828 | G19: 12267 | H19: 2.9005 | I19: 1.8145 | J19: -1.086 | K19: -0.002516 | L19: 1.1684 | M19: 2.63 | N19: 1.4616 | O19: 0.004283
A20: pair_3072_binder | B20: Binder | C20: 2.0996 | D20: 0.5456 | E20: 1.8151 | F20: 0.4104 | G20: 12267 | H20: 2.4299 | I20: 1.9757 | J20: -0.4543 | K20: -0.001027 | L20: 2.1448 | M20: 1.8211 | N20: -0.3237 | O20: -0.00084
A21: pair_3073_binder | B21: Binder | C21: 1.7797 | D21: 0.545 | E21: 2.5727 | F21: 0.7931 | G21: 12267 | H21: 1.7797 | I21: 1.717 | J21: -0.0628 | K21: -0.000102 | L21: 2.7268 | M21: 2.143 | N21: -0.5838 | O21: -0.001306
A22: pair_3075_binder | B22: Binder | C22: 1.3249 | D22: 0.4049 | E22: 1.3927 | F22: 0.3217 | G22: 12267 | H22: 1.2894 | I22: 1.4389 | J22: 0.1495 | K22: 0.000327 | L22: 1.3137 | M22: 1.418 | N22: 0.1043 | O22: 0.000232
A23: pair_3076_binder | B23: Binder | C23: 1.4233 | D23: 0.4781 | E23: 1.979 | F23: 0.4446 | G23: 12267 | H23: 1.2815 | I23: 1.5011 | J23: 0.2195 | K23: 0.000643 | L23: 1.5896 | M23: 1.8277 | N23: 0.2381 | O23: 0.000578
A24: pair_3077_binder | B24: Binder | C24: 1.3248 | D24: 0.4285 | E24: 1.5498 | F24: 0.4155 | G24: 12267 | H24: 1.1466 | I24: 1.4572 | J24: 0.3106 | K24: 0.001207 | L24: 1.9569 | M24: 1.4287 | N24: -0.5283 | O24: -0.001038
A25: pair_3078_binder | B25: Binder | C25: 1.8321 | D25: 0.8433 | E25: 1.4916 | F25: 0.3331 | G25: 12267 | H25: 3.0609 | I25: 1.2934 | J25: -1.7674 | K25: -0.004666 | L25: 1.3945 | M25: 1.4107 | N25: 0.0162 | O25: -0.000288
A26: pair_3079_binder | B26: Binder | C26: 1.2067 | D26: 0.3668 | E26: 3.0439 | F26: 0.6875 | G26: 12267 | H26: 1.1042 | I26: 1.2887 | J26: 0.1845 | K26: 0.000394 | L26: 2.1903 | M26: 3.7366 | N26: 1.5463 | O26: 0.003656
... A68: pair_0549_nb | B68: False Positive | C68: 2.8404 | D68: 0.7941 | E68: 3.291 | F68: 0.8597 | G68: 12267 | H68: 1.8228 | I68: 2.8271 | J68: 1.0044 | K68: 0.002547 | L68: 2.252 | M68: 4.5107 | N68: 2.2587 | O68: 0.005422
A69: pair_0567_nb | B69: False Positive | C69: 1.954 | D69: 0.6411 | E69: 2.1904 | F69: 0.7875 | G69: 12267 | H69: 2.1697 | I69: 2.1544 | J69: -0.0153 | K69: 9.8e-05 | L69: 1.6772 | M69: 2.1486 | N69: 0.4714 | O69: 0.002507
A70: pair_0584_nb | B70: False Positive | C70: 2.454 | D70: 0.5596 | E70: 2.1952 | F70: 0.7875 | G70: 12267 | H70: 2.694 | I70: 2.1945 | J70: -0.4995 | K70: -0.001621 | L70: 1.986 | M70: 2.107 | N70: 0.1211 | O70: -8.8e-05
A71: pair_0602_nb | B71: False Positive | C71: 2.3867 | D71: 0.844 | E71: 2.8278 | F71: 1.0617 | G71: 12267 | H71: 2.4757 | I71: 1.7314 | J71: -0.7443 | K71: -0.002844 | L71: 2.9891 | M71: 2.4429 | N71: -0.5462 | O71: -0.003361
A72: pair_0684_nb | B72: False Positive | C72: 2.0491 | D72: 0.5787 | E72: 1.8693 | F72: 0.4098 | G72: 12267 | H72: 1.9172 | I72: 2.193 | J72: 0.2759 | K72: 0.00066 | L72: 1.9288 | M72: 1.8598 | N72: -0.0689 | O72: -9.8e-05
A73: pair_0736_nb | B73: False Positive | C73: 1.3362 | D73: 0.425 | E73: 1.9407 | F73: 0.8941 | G73: 12267 | H73: 1.242 | I73: 1.4436 | J73: 0.2016 | K73: 0.000504 | L73: 1.5752 | M73: 1.3219 | N73: -0.2532 | O73: -0.000664
A74: pair_0748_nb | B74: False Positive | C74: 2.9721 | D74: 0.9235 | E74: 3.2346 | F74: 0.6435 | G74: 12267 | H74: 2.7197 | I74: 1.8989 | J74: -0.8208 | K74: -0.001608 | L74: 3.4878 | M74: 2.6613 | N74: -0.8264 | O74: -0.001652
A75: pair_0765_nb | B75: False Positive | C75: 2.4134 | D75: 0.3734 | E75: 1.7836 | F75: 0.3954 | G75: 12267 | H75: 2.5127 | I75: 2.1982 | J75: -0.3145 | K75: -0.000917 | L75: 1.6281 | M75: 2.0219 | N75: 0.3938 | O75: 0.001026
A76: pair_0776_nb | B76: False Positive | C76: 2.0017 | D76: 0.5441 | E76: 2.6523 | F76: 0.6065 | G76: 12267 | H76: 2.3252 | I76: 1.8967 | J76: -0.4285 | K76: -0.00106 | L76: 2.6903 | M76: 2.7175 | N76: 0.0271 | O76: 0.000578
A77: pair_0782_nb | B77: False Positive | C77: 2.0186 | D77: 0.8128 | E77: 3.8482 | F77: 1.1286 | G77: 12267 | H77: 1.5572 | I77: 2.1465 | J77: 0.5893 | K77: 0.002208 | L77: 3.2563 | M77: 3.6728 | N77: 0.4165 | O77: 4e-06
A78: pair_0811_nb | B78: False Positive | C78: 1.8117 | D78: 0.6122 | E78: 2.3803 | F78: 0.8544 | G78: 12267 | H78: 1.8453 | I78: 2.3676 | J78: 0.5223 | K78: 0.001623 | L78: 2.7757 | M78: 1.5282 | N78: -1.2475 | O78: -0.002648
A79: pair_0868_nb | B79: False Positive | C79: 1.2415 | D79: 0.3015 | E79: 1.329 | F79: 0.199 | G79: 12267 | H79: 1.3293 | I79: 1.1486 | J79: -0.1808 | K79: -0.000358 | L79: 1.3509 | M79: 1.3411 | N79: -0.0097 | O79: 5.2e-05
A80: pair_0876_nb | B80: False Positive | C80: 2.0167 | D80: 0.7088 | E80: 3.2861 | F80: 1.1141 | G80: 12267 | H80: 1.8018 | I80: 2.6026 | J80: 0.8008 | K80: 0.001448 | L80: 2.9549 | M80: 3.4815 | N80: 0.5266 | O80: 0.001113
A81: pair_0878_nb | B81: False Positive | C81: 3.2905 | D81: 0.6395 | E81: 1.7362 | F81: 0.5633 | G81: 12267 | H81: 2.9553 | I81: 3.1126 | J81: 0.1572 | K81: 0.000613 | L81: 1.9105 | M81: 1.6174 | N81: -0.2931 | O81: -0.001272
A82: pair_0883_nb | B82: False Positive | C82: 3.2273 | D82: 1.2869 | E82: 3.856 | F82: 1.1963 | G82: 12267 | H82: 1.8262 | I82: 4.8232 | J82: 2.997 | K82: 0.008005 | L82: 2.0408 | M82: 5.0198 | N82: 2.979 | O82: 0.007229
A83: pair_0891_nb | B83: False Positive | C83: 3.0791 | D83: 1.2837 | E83: 3.3104 | F83: 1.0546 | G83: 12267 | H83: 4.8991 | I83: 2.5683 | J83: -2.3308 | K83: -0.006619 | L83: 2.1674 | M83: 4.4396 | N83: 2.2722 | O83: 0.006594
A84: pair_0908_nb | B84: False Positive | C84: 2.4377 | D84: 0.299 | E84: 3.6047 | F84: 0.3498 | G84: 12267 | H84: 2.519 | I84: 2.4938 | J84: -0.0252 | K84: 3.9e-05 | L84: 3.6645 | M84: 3.459 | N84: -0.2054 | O84: -0.00029
A85: pair_0932_nb | B85: False Positive | C85: 1.942 | D85: 0.6517 | E85: 1.9496 | F85: 0.5323 | G85: 12267 | H85: 1.8975 | I85: 2.2477 | J85: 0.3502 | K85: 0.001264 | L85: 2.3644 | M85: 1.9582 | N85: -0.4062 | O85: -0.000999
A86: pair_0940_nb | B86: False Positive | C86: 1.7077 | D86: 0.4595 | E86: 2.8905 | F86: 0.6101 | G86: 12267 | H86: 1.8986 | I86: 1.6859 | J86: -0.2128 | K86: -0.000695 | L86: 3.0244 | M86: 2.3473 | N86: -0.6771 | O86: -0.00194
A87: pair_0974_nb | B87: False Positive | C87: 3.7658 | D87: 0.8231 | E87: 2.4371 | F87: 1.0751 | G87: 12267 | H87: 3.6914 | I87: 2.9599 | J87: -0.7315 | K87: -0.001464 | L87: 4.1201 | M87: 2.0111 | N87: -2.109 | O87: -0.005336
A88: pair_0977_nb | B88: False Positive | C88: 3.1175 | D88: 0.6447 | E88: 4.0596 | F88: 0.8712 | G88: 12267 | H88: 2.941 | I88: 2.893 | J88: -0.048 | K88: 2.2e-05 | L88: 3.3884 | M88: 3.7969 | N88: 0.4085 | O88: 0.0013
A89: pair_1011_nb | B89: False Positive | C89: 1.2902 | D89: 0.3617 | E89: 1.2813 | F89: 0.2641 | G89: 12267 | H89: 1.2045 | I89: 1.2657 | J89: 0.0612 | K89: -9.4e-05 | L89: 1.3136 | M89: 1.3487 | N89: 0.0351 | O89: 0.000259
A90: pair_1023_nb | B90: False Positive | C90: 1.5567 | D90: 0.4469 | E90: 3.228 | F90: 0.7697 | G90: 12267 | H90: 1.4516 | I90: 1.7396 | J90: 0.288 | K90: 0.001159 | L90: 4.0998 | M90: 2.7124 | N90: -1.3874 | O90: -0.003673
A91: pair_1102_nb | B91: False Positive | C91: 3.9207 | D91: 1.2043 | E91: 3.9083 | F91: 0.6582 | G91: 12267 | H91: 2.595 | I91: 4.7174 | J91: 2.1223 | K91: 0.006806 | L91: 3.4493 | M91: 4.141 | N91: 0.6917 | O91: 0.00149
A92: pair_1313_nb | B92: False Positive | C92: 1.7716 | D92: 0.5428 | E92: 1.4272 | F92: 0.357 | G92: 12267 | H92: 1.985 | I92: 1.5299 | J92: -0.4551 | K92: -0.001916 | L92: 1.3886 | M92: 1.5496 | N92: 0.161 | O92: 0.00016
A93: pair_1397_nb | B93: False Positive | C93: 1.896 | D93: 0.4958 | E93: 1.6892 | F93: 0.5396 | G93: 12267 | H93: 1.5673 | I93: 1.8929 | J93: 0.3256 | K93: 0.000851 | L93: 2.2607 | M93: 1.5463 | N93: -0.7144 | O93: -0.001972
A94: pair_1654_nb | B94: False Positive | C94: 1.2624 | D94: 0.4035 | E94: 1.6783 | F94: 0.3842 | G94: 12267 | H94: 1.0377 | I94: 1.3352 | J94: 0.2975 | K94: 0.00075 | L94: 1.8186 | M94: 1.6654 | N94: -0.1531 | O94: -0.000505
A95: pair_1656_nb | B95: False Positive | C95: 1.5956 | D95: 0.5202 | E95: 1.6456 | F95: 0.3984 | G95: 12267 | H95: 1.7989 | I95: 1.9709 | J95: 0.172 | K95: -0.000118 | L95: 1.4433 | M95: 1.7463 | N95: 0.303 | O95: 0.000975
A96: pair_1658_nb | B96: False Positive | C96: 1.6299 | D96: 0.6171 | E96: 1.6116 | F96: 0.5312 | G96: 12267 | H96: 1.9983 | I96: 1.5883 | J96: -0.4101 | K96: -0.001401 | L96: 2.0431 | M96: 1.1493 | N96: -0.8938 | O96: -0.00241
A97: pair_1671_nb | B97: False Positive | C97: 2.057 | D97: 0.6241 | E97: 3.2105 | F97: 1.1371 | G97: 12267 | H97: 2.0104 | I97: 2.3887 | J97: 0.3783 | K97: 0.000212 | L97: 1.5218 | M97: 3.3107 | N97: 1.7889 | O97: 0.004685
A98: pair_1679_nb | B98: False Positive | C98: 2.2512 | D98: 0.7137 | E98: 3.8971 | F98: 0.6576 | G98: 12267 | H98: 2.3533 | I98: 2.3148 | J98: -0.0385 | K98: 4.6e-05 | L98: 3.6346 | M98: 4.0171 | N98: 0.3824 | O98: 0.000852
A99: pair_1709_nb | B99: False Positive | C99: 1.2307 | D99: 0.3786 | E99: 3.1645 | F99: 1.0588 | G99: 12267 | H99: 1.2636 | I99: 1.2917 | J99: 0.0281 | K99: -4.5e-05 | L99: 1.906 | M99: 3.0908 | N99: 1.1848 | O99: 0.002997
A100: pair_1710_nb | B100: False Positive | C100: 2.6108 | D100: 0.6502 | E100: 1.7368 | F100: 0.5105 | G100: 12267 | H100: 2.263 | I100: 2.6854 | J100: 0.4224 | K100: 0.00075 | L100: 1.4341 | M100: 2.1923 | N100: 0.7583 | O100: 0.002314
A101: pair_1737_nb | B101: False Positive | C101: 2.0397 | D101: 0.5311 | E101: 1.6211 | F101: 0.3829 | G101: 12267 | H101: 1.5097 | I101: 2.2676 | J101: 0.758 | K101: 0.002157 | L101: 1.4325 | M101: 1.5408 | N101: 0.1084 | O101: 0.000338
A102: pair_1758_nb | B102: False Positive | C102: 1.9981 | D102: 0.6811 | E102: 1.6292 | F102: 0.4347 | G102: 12267 | H102: 2.5799 | I102: 1.6302 | J102: -0.9496 | K102: -0.003045 | L102: 1.4936 | M102: 1.7422 | N102: 0.2486 | O102: 0.001121
A103: pair_1784_nb | B103: False Positive | C103: 2.1361 | D103: 0.5326 | E103: 4.0521 | F103: 1.745 | G103: 12267 | H103: 2.093 | I103: 2.4558 | J103: 0.3628 | K103: 0.000989 | L103: 1.787 | M103: 5.6835 | N103: 3.8965 | O103: 0.011759
A104: pair_1785_nb | B104: False Positive | C104: 1.7022 | D104: 0.5634 | E104: 1.6129 | F104: 0.4247 | G104: 12267 | H104: 1.4316 | I104: 1.5328 | J104: 0.1012 | K104: 0.000495 | L104: 1.6603 | M104: 1.829 | N104: 0.1687 | O104: 0.000847
A105: pair_1792_nb | B105: False Positive | C105: 2.8312 | D105: 0.8911 | E105: 2.5178 | F105: 0.6224 | G105: 12267 | H105: 2.8 | I105: 2.9358 | J105: 0.1359 | K105: -0.000637 | L105: 3.0826 | M105: 2.3033 | N105: -0.7793 | O105: -0.001712
A106: pair_1835_nb | B106: False Positive | C106: 1.4893 | D106: 0.3745 | E106: 3.8256 | F106: 0.7514 | G106: 12267 | H106: 1.4308 | I106: 1.669 | J106: 0.2382 | K106: 0.000729 | L106: 4.215 | M106: 2.9537 | N106: -1.2613 | O106: -0.00293
A107: pair_1847_nb | B107: False Positive | C107: 1.9706 | D107: 0.9469 | E107: 3.679 | F107: 0.8775 | G107: 12267 | H107: 2.9067 | I107: 2.6233 | J107: -0.2834 | K107: -0.001384 | L107: 2.4888 | M107: 3.7952 | N107: 1.3064 | O107: 0.003066
A108: pair_1914_nb | B108: False Positive | C108: 2.604 | D108: 0.6455 | E108: 1.5374 | F108: 0.3077 | G108: 12267 | H108: 2.199 | I108: 2.9169 | J108: 0.7179 | K108: 0.001485 | L108: 1.4893 | M108: 1.4671 | N108: -0.0222 | O108: 0.000118
A109: pair_1922_nb | B109: False Positive | C109: 2.0739 | D109: 0.4192 | E109: 2.5771 | F109: 0.3052 | G109: 12267 | H109: 2.0227 | I109: 1.9917 | J109: -0.031 | K109: -0.000452 | L109: 2.6337 | M109: 2.4711 | N109: -0.1626 | O109: -0.000558
A110: pair_1938_nb | B110: False Positive | C110: 2.4579 | D110: 0.3017 | E110: 1.5762 | F110: 0.2666 | G110: 12267 | H110: 2.4019 | I110: 2.5761 | J110: 0.1742 | K110: 0.00062 | L110: 1.6712 | M110: 1.4655 | N110: -0.2057 | O110: -0.000444
... A118: pair_0947_low_pkt | B118: Low Confidence | C118: 2.2869 | D118: 0.6532 | E118: 1.5405 | F118: 0.4518 | G118: 12267 | H118: 1.5849 | I118: 2.5626 | J118: 0.9776 | K118: 0.002837 | L118: 1.9648 | M118: 1.2653 | N118: -0.6995 | O118: -0.001897
A119: pair_0948_low_pkt | B119: Low Confidence | C119: 1.7262 | D119: 0.4784 | E119: 3.2931 | F119: 0.927 | G119: 12267 | H119: 1.8487 | I119: 1.708 | J119: -0.1407 | K119: 2e-06 | L119: 2.4603 | M119: 4.3151 | N119: 1.8547 | O119: 0.005572
A120: pair_1413_low_pkt | B120: Low Confidence | C120: 1.9584 | D120: 0.706 | E120: 4.9623 | F120: 1.1556 | G120: 12267 | H120: 2.103 | I120: 2.1252 | J120: 0.0222 | K120: 0.000486 | L120: 3.8063 | M120: 5.5218 | N120: 1.7155 | O120: 0.005339
A121: pair_0715_fail_gate | B121: Fail Geometry | C121: 2.7292 | D121: 0.4652 | E121: 2.6776 | F121: 0.6102 | G121: 12267 | H121: 2.6857 | I121: 2.75 | J121: 0.0643 | K121: 2e-05 | L121: 2.422 | M121: 2.6685 | N121: 0.2465 | O121: 0.001018
A122: pair_1094_fail_gate | B122: Fail Geometry | C122: 2.7507 | D122: 1.2686 | E122: 1.9432 | F122: 0.4506 | G122: 12267 | H122: 2.0222 | I122: 4.2714 | J122: 2.2492 | K122: 0.005846 | L122: 1.6744 | M122: 2.0906 | N122: 0.4162 | O122: 0.0012
A123: pair_1682_fail_gate | B123: Fail Geometry | C123: 3.1172 | D123: 1.2031 | E123: 2.1173 | F123: 0.3985 | G123: 12267 | H123: 1.7861 | I123: 4.0711 | J123: 2.285 | K123: 0.006596 | L123: 2.1039 | M123: 2.0191 | N123: -0.0848 | O123: -8e-06
A124: pair_1739_fail_gate | B124: Fail Geometry | C124: 3.4622 | D124: 0.616 | E124: 1.8341 | F124: 0.4192 | G124: 12267 | H124: 3.4723 | I124: 3.5392 | J124: 0.0669 | K124: 0.001045 | L124: 2.0437 | M124: 1.4823 | N124: -0.5614 | O124: -0.001478
A125: pair_1941_fail_gate | B125: Fail Geometry | C125: 2.6021 | D125: 0.5724 | E125: 1.4103 | F125: 0.4115 | G125: 12267 | H125: 2.7059 | I125: 2.9363 | J125: 0.2305 | K125: 0.000114 | L125: 1.1279 | M125: 1.6621 | N125: 0.5342 | O125: 0.001642
A126: pair_0014_fail_gate | B126: Fail Geometry | C126: 3.934 | D126: 0.9381 | E126: 3.3292 | F126: 1.0623 | G126: 12267 | H126: 2.5587 | I126: 4.3732 | J126: 1.8144 | K126: 0.004628 | L126: 1.8057 | M126: 4.4264 | N126: 2.6207 | O126: 0.006875
A127: pair_0263_fail_gate | B127: Fail Geometry | C127: 2.3307 | D127: 0.5609 | E127: 3.4137 | F127: 0.7571 | G127: 12267 | H127: 2.0975 | I127: 2.5125 | J127: 0.415 | K127: 0.000897 | L127: 2.7757 | M127: 3.5606 | N127: 0.7849 | O127: 0.002159
A128: pair_0540_fail_gate | B128: Fail Geometry | C128: 2.1618 | D128: 0.3485 | E128: 1.9276 | F128: 0.3738 | G128: 12267 | H128: 1.9125 | I128: 2.1889 | J128: 0.2764 | K128: 0.000529 | L128: 1.6195 | M128: 1.9021 | N128: 0.2827 | O128: 0.000602
A129: pair_0997_fail_gate | B129: Fail Geometry | C129: 1.8437 | D129: 0.5877 | E129: 2.8572 | F129: 1.2652 | G129: 12267 | H129: 1.7848 | I129: 1.7142 | J129: -0.0706 | K129: -0.000403 | L129: 1.1959 | M129: 3.6792 | N129: 2.4833 | O129: 0.007389
A130: pair_1745_fail_gate | B130: Fail Geometry | C130: 1.482 | D130: 0.5183 | E130: 1.2147 | F130: 0.3523 | G130: 12267 | H130: 1.306 | I130: 2.1466 | J130: 0.8406 | K130: 0.001996 | L130: 1.2033 | M130: 1.3315 | N130: 0.1282 | O130: 0.000184
A131: bind_019_binder | B131: Binder | C131: 1.8225 | D131: 0.6536 | E131: 1.7908 | F131: 0.6635 | G131: 12267 | H131: 1.9437 | I131: 1.4613 | J131: -0.4824 | K131: -0.001543 | L131: 1.7255 | M131: 1.9151 | N131: 0.1896 | O131: 0.001544
